skill_1,skill_2,gt_conflicts,detected_conflicts,type_time_ms,semantic_time_ms,policy_time_ms
fs-pa-01,fs-pa-02,['type_conflict'],[],0.0207,0.0088,0.0129
fs-pa-01,fs-pa-03,['type_conflict'],['type_conflict'],0.0158,0.0022,0.0052
fs-pa-01,fs-pa-04,['type_conflict'],['type_conflict'],0.0067,0.0012,0.0023
fs-pa-01,fs-ra-01,['type_conflict'],['type_conflict'],0.0039,0.001,0.0023
fs-pa-01,fs-ra-02,['type_conflict'],['type_conflict'],0.0052,0.001,0.0021
fs-pa-01,fs-ra-03,['type_conflict'],['type_conflict'],0.0042,0.001,0.0018
fs-pa-01,fs-ra-04,['type_conflict'],['type_conflict'],0.0036,0.0008,0.0015
fs-pa-01,fs-rc-01,['type_conflict'],['type_conflict'],0.0034,0.001,0.003
fs-pa-01,fs-rc-02,['type_conflict'],['type_conflict'],0.0142,0.0013,0.0024
fs-pa-01,fs-rc-03,['type_conflict'],['type_conflict'],0.005,0.0011,0.0022
fs-pa-01,fs-rc-04,['type_conflict'],['type_conflict'],0.0033,0.001,0.0019
fs-pa-01,fs-te-01,['type_conflict'],['type_conflict'],0.0033,0.0009,0.0013
fs-pa-01,fs-te-02,['type_conflict'],['type_conflict'],0.0036,0.0008,0.0005
fs-pa-01,fs-te-03,['type_conflict'],['type_conflict'],0.0024,0.0007,0.0022
fs-pa-01,fs-te-04,['type_conflict'],['type_conflict'],0.0038,0.0008,0.0022
fs-pa-01,fs-ar-01,['type_conflict'],['type_conflict'],0.0043,0.0009,0.0017
fs-pa-01,fs-ar-02,['type_conflict'],['type_conflict'],0.0034,0.0008,0.0021
fs-pa-01,fs-ar-03,['type_conflict'],['type_conflict'],0.0057,0.0008,0.002
fs-pa-01,fs-ar-04,['type_conflict'],['type_conflict'],0.0032,0.0008,0.0016
fs-pa-01,fs-ca-01,['type_conflict'],['type_conflict'],0.0054,0.0013,0.0008
fs-pa-01,fs-ca-02,['type_conflict'],['type_conflict'],0.0054,0.0009,0.0005
fs-pa-01,fs-ca-03,['type_conflict'],['type_conflict'],0.0029,0.0008,0.0003
fs-pa-01,fs-ca-04,['type_conflict'],[],0.0018,0.0009,0.0019
fs-pa-01,hc-cd-01,['type_conflict'],['type_conflict'],0.0064,0.0009,0.001
fs-pa-01,hc-cd-02,['type_conflict'],['type_conflict'],0.005,0.0008,0.0006
fs-pa-01,hc-cd-03,['type_conflict'],['type_conflict'],0.0052,0.001,0.0004
fs-pa-01,hc-cd-04,['type_conflict'],['type_conflict'],0.0043,0.0008,0.0003
fs-pa-01,hc-da-01,['type_conflict'],['type_conflict'],0.0048,0.0009,0.0004
fs-pa-01,hc-da-02,['type_conflict'],['type_conflict'],0.0052,0.0009,0.0004
fs-pa-01,hc-da-03,['type_conflict'],['type_conflict'],0.0052,0.0009,0.0003
fs-pa-01,hc-da-04,['type_conflict'],['type_conflict'],0.0043,0.0008,0.0004
fs-pa-01,hc-tp-01,['type_conflict'],['type_conflict'],0.0053,0.0009,0.0006
fs-pa-01,hc-tp-02,['type_conflict'],['type_conflict'],0.0072,0.0008,0.0007
fs-pa-01,hc-tp-03,['type_conflict'],['type_conflict'],0.0049,0.0009,0.0004
fs-pa-01,hc-tp-04,['type_conflict'],['type_conflict'],0.0043,0.001,0.0004
fs-pa-01,hc-iv-01,['type_conflict'],['type_conflict'],0.0041,0.001,0.0005
fs-pa-01,hc-iv-02,['type_conflict'],['type_conflict'],0.0047,0.001,0.0005
fs-pa-01,hc-iv-03,['type_conflict'],['type_conflict'],0.0031,0.0008,0.0005
fs-pa-01,hc-iv-04,['type_conflict'],['type_conflict'],0.005,0.0009,0.0004
fs-pa-01,hc-hc-01,['type_conflict'],['type_conflict'],0.0031,0.0008,0.0005
fs-pa-01,hc-hc-02,['type_conflict'],['type_conflict'],0.0042,0.0009,0.0006
fs-pa-01,hc-hc-03,['type_conflict'],['type_conflict'],0.0025,0.0007,0.0006
fs-pa-01,hc-hc-04,['type_conflict'],['type_conflict'],0.0055,0.001,0.0004
fs-pa-01,hc-mr-01,['type_conflict'],['type_conflict'],0.0035,0.0009,0.0005
fs-pa-01,hc-mr-02,['type_conflict'],['type_conflict'],0.0057,0.0009,0.0006
fs-pa-01,hc-mr-03,['type_conflict'],['type_conflict'],0.005,0.0011,0.0004
fs-pa-02,fs-pa-03,['type_conflict'],['type_conflict'],0.0037,0.0011,0.0028
fs-pa-02,fs-pa-04,['type_conflict'],[],0.0022,0.0009,0.0017
fs-pa-02,fs-ra-01,['type_conflict'],['type_conflict'],0.0027,0.0008,0.002
fs-pa-02,fs-ra-02,['type_conflict'],['type_conflict'],0.0033,0.0008,0.0019
fs-pa-02,fs-ra-03,['type_conflict'],['type_conflict'],0.0038,0.0008,0.0019
fs-pa-02,fs-ra-04,['type_conflict'],[],0.0017,0.0008,0.0017
fs-pa-02,fs-rc-01,['type_conflict'],['type_conflict'],0.0034,0.001,0.002
fs-pa-02,fs-rc-02,['type_conflict'],['type_conflict'],0.007,0.0009,0.0019
fs-pa-02,fs-rc-03,['type_conflict'],['type_conflict'],0.0039,0.0007,0.0024
fs-pa-02,fs-rc-04,['type_conflict'],['type_conflict'],0.0032,0.0008,0.0017
fs-pa-02,fs-te-01,['type_conflict'],['type_conflict'],0.0021,0.0008,0.0008
fs-pa-02,fs-te-02,['type_conflict'],['type_conflict'],0.0026,0.0007,0.0004
fs-pa-02,fs-te-03,['type_conflict'],['type_conflict'],0.0021,0.0008,0.0022
fs-pa-02,fs-te-04,['type_conflict'],['type_conflict'],0.0032,0.0008,0.0018
fs-pa-02,fs-ar-01,['type_conflict'],['type_conflict'],0.0026,0.0008,0.0022
fs-pa-02,fs-ar-02,['type_conflict'],['type_conflict'],0.0028,0.0007,0.0021
fs-pa-02,fs-ar-03,['type_conflict'],['type_conflict'],0.0029,0.0011,0.0019
fs-pa-02,fs-ar-04,['type_conflict'],['type_conflict'],0.0025,0.0011,0.0019
fs-pa-02,fs-ca-01,['type_conflict'],['type_conflict'],0.0055,0.0009,0.0006
fs-pa-02,fs-ca-02,['type_conflict'],['type_conflict'],0.0047,0.0009,0.0004
fs-pa-02,fs-ca-03,['type_conflict'],['type_conflict'],0.0021,0.0007,0.0003
fs-pa-02,fs-ca-04,['type_conflict'],['type_conflict'],0.0027,0.0008,0.0015
fs-pa-02,hc-cd-01,['type_conflict'],['type_conflict'],0.0055,0.001,0.0004
fs-pa-02,hc-cd-02,['type_conflict'],['type_conflict'],0.0059,0.0011,0.0004
fs-pa-02,hc-cd-03,['type_conflict'],['type_conflict'],0.0036,0.0008,0.0004
fs-pa-02,hc-cd-04,['type_conflict'],['type_conflict'],0.004,0.001,0.0004
fs-pa-02,hc-da-01,['type_conflict'],['type_conflict'],0.0055,0.0009,0.0004
fs-pa-02,hc-da-02,['type_conflict'],['type_conflict'],0.0042,0.0009,0.0006
fs-pa-02,hc-da-03,['type_conflict'],['type_conflict'],0.0048,0.0008,0.0007
fs-pa-02,hc-da-04,['type_conflict'],['type_conflict'],0.0043,0.0009,0.0004
fs-pa-02,hc-tp-01,['type_conflict'],['type_conflict'],0.0041,0.0007,0.0006
fs-pa-02,hc-tp-02,['type_conflict'],['type_conflict'],0.0065,0.0012,0.0006
fs-pa-02,hc-tp-03,['type_conflict'],['type_conflict'],0.0056,0.0011,0.0004
fs-pa-02,hc-tp-04,['type_conflict'],['type_conflict'],0.0053,0.0009,0.0011
fs-pa-02,hc-iv-01,['type_conflict'],['type_conflict'],0.0054,0.0011,0.0005
fs-pa-02,hc-iv-02,['type_conflict'],['type_conflict'],0.0052,0.0014,0.0005
fs-pa-02,hc-iv-03,['type_conflict'],['type_conflict'],0.0032,0.0009,0.0004
fs-pa-02,hc-iv-04,['type_conflict'],['type_conflict'],0.0047,0.0008,0.0003
fs-pa-02,hc-hc-01,['type_conflict'],['type_conflict'],0.0034,0.0009,0.0002
fs-pa-02,hc-hc-02,['type_conflict'],['type_conflict'],0.0038,0.001,0.0004
fs-pa-02,hc-hc-03,['type_conflict'],['type_conflict'],0.0018,0.0009,0.0003
fs-pa-02,hc-hc-04,['type_conflict'],['type_conflict'],0.0025,0.0006,0.0003
fs-pa-02,hc-mr-01,['type_conflict'],['type_conflict'],0.0029,0.0007,0.0004
fs-pa-02,hc-mr-02,['type_conflict'],['type_conflict'],0.0055,0.0008,0.0004
fs-pa-02,hc-mr-03,['type_conflict'],['type_conflict'],0.0042,0.0009,0.0006
fs-pa-03,fs-pa-04,['type_conflict'],['type_conflict'],0.0035,0.0011,0.0038
fs-pa-03,fs-ra-01,['type_conflict'],['type_conflict'],0.0034,0.0008,0.0037
fs-pa-03,fs-ra-02,['type_conflict'],['type_conflict'],0.0037,0.0009,0.002
fs-pa-03,fs-ra-03,['type_conflict'],['type_conflict'],0.0033,0.0008,0.0019
fs-pa-03,fs-ra-04,['type_conflict'],['type_conflict'],0.0026,0.0007,0.0023
fs-pa-03,fs-rc-01,['type_conflict'],['type_conflict'],0.0035,0.0008,0.0036
fs-pa-03,fs-rc-02,['type_conflict'],['type_conflict'],0.0065,0.001,0.0021
fs-pa-03,fs-rc-03,['type_conflict'],['type_conflict'],0.004,0.0009,0.0032
fs-pa-03,fs-rc-04,['type_conflict'],['type_conflict'],0.0032,0.0009,0.0021
fs-pa-03,fs-te-01,['type_conflict'],['type_conflict'],0.0028,0.0007,0.0023
fs-pa-03,fs-te-02,['type_conflict'],['type_conflict'],0.0037,0.0008,0.0007
fs-pa-03,fs-te-03,['type_conflict'],['type_conflict'],0.0026,0.0007,0.002
fs-pa-03,fs-te-04,['type_conflict'],['type_conflict'],0.0033,0.0009,0.0035
fs-pa-03,fs-ar-01,['type_conflict'],['type_conflict'],0.0029,0.0008,0.0036
fs-pa-03,fs-ar-02,['type_conflict'],['type_conflict'],0.0033,0.0009,0.0031
fs-pa-03,fs-ar-03,['type_conflict'],['type_conflict'],0.0022,0.0009,0.002
fs-pa-03,fs-ar-04,['type_conflict'],['type_conflict'],0.0031,0.0008,0.002
fs-pa-03,fs-ca-01,['type_conflict'],['type_conflict'],0.0063,0.0009,0.001
fs-pa-03,fs-ca-02,['type_conflict'],['type_conflict'],0.0054,0.0008,0.001
fs-pa-03,fs-ca-03,['type_conflict'],['type_conflict'],0.0024,0.0008,0.0003
fs-pa-03,fs-ca-04,['type_conflict'],['type_conflict'],0.0028,0.0008,0.0031
fs-pa-03,hc-cd-01,['type_conflict'],['type_conflict'],0.0043,0.0009,0.0009
fs-pa-03,hc-cd-02,['type_conflict'],['type_conflict'],0.0052,0.001,0.0007
fs-pa-03,hc-cd-03,['type_conflict'],['type_conflict'],0.005,0.0009,0.0006
fs-pa-03,hc-cd-04,['type_conflict'],['type_conflict'],0.0042,0.001,0.0004
fs-pa-03,hc-da-01,['type_conflict'],['type_conflict'],0.0044,0.0009,0.0006
fs-pa-03,hc-da-02,['type_conflict'],['type_conflict'],0.0049,0.0008,0.0008
fs-pa-03,hc-da-03,['type_conflict'],['type_conflict'],0.0059,0.0012,0.0004
fs-pa-03,hc-da-04,['type_conflict'],['type_conflict'],0.0038,0.001,0.0007
fs-pa-03,hc-tp-01,['type_conflict'],['type_conflict'],0.0057,0.001,0.0007
fs-pa-03,hc-tp-02,['type_conflict'],['type_conflict'],0.0074,0.0008,0.0005
fs-pa-03,hc-tp-03,['type_conflict'],['type_conflict'],0.0049,0.0009,0.0003
fs-pa-03,hc-tp-04,['type_conflict'],['type_conflict'],0.0246,0.0019,0.0013
fs-pa-03,hc-iv-01,['type_conflict'],['type_conflict'],0.0048,0.0009,0.0007
fs-pa-03,hc-iv-02,['type_conflict'],['type_conflict'],0.003,0.0008,0.0003
fs-pa-03,hc-iv-03,['type_conflict'],['type_conflict'],0.002,0.0005,0.0004
fs-pa-03,hc-iv-04,['type_conflict'],['type_conflict'],0.0026,0.0006,0.0004
fs-pa-03,hc-hc-01,['type_conflict'],['type_conflict'],0.0018,0.0006,0.0004
fs-pa-03,hc-hc-02,['type_conflict'],['type_conflict'],0.0026,0.0006,0.0003
fs-pa-03,hc-hc-03,['type_conflict'],['type_conflict'],0.001,0.0006,0.0003
fs-pa-03,hc-hc-04,['type_conflict'],['type_conflict'],0.0018,0.0005,0.0002
fs-pa-03,hc-mr-01,['type_conflict'],['type_conflict'],0.0016,0.0005,0.0003
fs-pa-03,hc-mr-02,['type_conflict'],['type_conflict'],0.0023,0.0006,0.0003
fs-pa-03,hc-mr-03,['type_conflict'],['type_conflict'],0.0025,0.0005,0.0002
fs-pa-04,fs-ra-01,['type_conflict'],['type_conflict'],0.0035,0.0011,0.0037
fs-pa-04,fs-ra-02,['type_conflict'],['type_conflict'],0.0029,0.0007,0.0013
fs-pa-04,fs-ra-03,['type_conflict'],['type_conflict'],0.0017,0.0007,0.0012
fs-pa-04,fs-ra-04,['type_conflict'],['type_conflict'],0.0017,0.0007,0.0011
fs-pa-04,fs-rc-01,['type_conflict'],['type_conflict'],0.0025,0.0007,0.0016
fs-pa-04,fs-rc-02,['type_conflict'],['type_conflict'],0.0032,0.0005,0.0012
fs-pa-04,fs-rc-03,['type_conflict'],['type_conflict'],0.003,0.0004,0.001
fs-pa-04,fs-rc-04,['type_conflict'],['type_conflict'],0.0015,0.0006,0.0013
fs-pa-04,fs-te-01,"['semantic_conflict', 'type_conflict']","['semantic_conflict', 'type_conflict']",0.0018,0.0152,0.0007
fs-pa-04,fs-te-02,"['semantic_conflict', 'type_conflict']","['semantic_conflict', 'type_conflict']",0.0019,0.0024,0.0002
fs-pa-04,fs-te-03,['type_conflict'],['type_conflict'],0.0055,0.0007,0.0013
fs-pa-04,fs-te-04,['type_conflict'],['type_conflict'],0.003,0.0006,0.0013
fs-pa-04,fs-ar-01,['type_conflict'],['type_conflict'],0.0017,0.0008,0.0013
fs-pa-04,fs-ar-02,['type_conflict'],['type_conflict'],0.0027,0.0006,0.0013
fs-pa-04,fs-ar-03,['type_conflict'],['type_conflict'],0.0021,0.0005,0.0012
fs-pa-04,fs-ar-04,['type_conflict'],['type_conflict'],0.0017,0.0004,0.001
fs-pa-04,fs-ca-01,['type_conflict'],['type_conflict'],0.0023,0.0006,0.0004
fs-pa-04,fs-ca-02,['type_conflict'],['type_conflict'],0.0027,0.0005,0.0003
fs-pa-04,fs-ca-03,['type_conflict'],['type_conflict'],0.0015,0.0005,0.0002
fs-pa-04,fs-ca-04,['type_conflict'],['type_conflict'],0.0014,0.0005,0.0009
fs-pa-04,hc-cd-01,['type_conflict'],['type_conflict'],0.0023,0.0006,0.0002
fs-pa-04,hc-cd-02,['type_conflict'],['type_conflict'],0.0028,0.0005,0.0001
fs-pa-04,hc-cd-03,['type_conflict'],['type_conflict'],0.0022,0.0005,0.0001
fs-pa-04,hc-cd-04,['type_conflict'],['type_conflict'],0.0023,0.0006,0.0002
fs-pa-04,hc-da-01,['type_conflict'],['type_conflict'],0.0023,0.0006,0.0002
fs-pa-04,hc-da-02,['type_conflict'],['type_conflict'],0.0024,0.0005,0.0001
fs-pa-04,hc-da-03,['type_conflict'],['type_conflict'],0.0026,0.0005,0.0001
fs-pa-04,hc-da-04,['type_conflict'],['type_conflict'],0.0022,0.0004,0.0001
fs-pa-04,hc-tp-01,['type_conflict'],['type_conflict'],0.0028,0.0006,0.0002
fs-pa-04,hc-tp-02,['type_conflict'],['type_conflict'],0.0058,0.0005,0.0001
fs-pa-04,hc-tp-03,['type_conflict'],['type_conflict'],0.0026,0.0005,0.0002
fs-pa-04,hc-tp-04,['type_conflict'],['type_conflict'],0.0023,0.0005,0.0002
fs-pa-04,hc-iv-01,['type_conflict'],['type_conflict'],0.002,0.0005,0.0001
fs-pa-04,hc-iv-02,['type_conflict'],['type_conflict'],0.0024,0.0005,0.0002
fs-pa-04,hc-iv-03,['type_conflict'],['type_conflict'],0.0013,0.0005,0.0001
fs-pa-04,hc-iv-04,['type_conflict'],['type_conflict'],0.0024,0.0004,0.0001
fs-pa-04,hc-hc-01,['type_conflict'],['type_conflict'],0.0014,0.0006,0.0002
fs-pa-04,hc-hc-02,['type_conflict'],['type_conflict'],0.0018,0.0004,0.0002
fs-pa-04,hc-hc-03,['type_conflict'],['type_conflict'],0.001,0.0005,0.0001
fs-pa-04,hc-hc-04,['type_conflict'],['type_conflict'],0.0014,0.0005,0.0002
fs-pa-04,hc-mr-01,['type_conflict'],['type_conflict'],0.0014,0.0005,0.0002
fs-pa-04,hc-mr-02,['type_conflict'],['type_conflict'],0.0019,0.0005,0.0002
fs-pa-04,hc-mr-03,['type_conflict'],['type_conflict'],0.0022,0.0005,0.0001
fs-ra-01,fs-ra-02,['type_conflict'],['type_conflict'],0.0017,0.0007,0.0013
fs-ra-01,fs-ra-03,['type_conflict'],['type_conflict'],0.0016,0.0007,0.0011
fs-ra-01,fs-ra-04,['type_conflict'],['type_conflict'],0.0014,0.0005,0.0011
fs-ra-01,fs-rc-01,['type_conflict'],['type_conflict'],0.0015,0.0005,0.0023
fs-ra-01,fs-rc-02,['type_conflict'],['type_conflict'],0.0023,0.0005,0.0013
fs-ra-01,fs-rc-03,['type_conflict'],['type_conflict'],0.0017,0.0005,0.0019
fs-ra-01,fs-rc-04,['type_conflict'],['type_conflict'],0.0014,0.0005,0.001
fs-ra-01,fs-te-01,"['semantic_conflict', 'type_conflict']","['semantic_conflict', 'type_conflict']",0.0015,0.0022,0.0045
fs-ra-01,fs-te-02,"['semantic_conflict', 'type_conflict']","['semantic_conflict', 'type_conflict']",0.0017,0.002,0.0003
fs-ra-01,fs-te-03,['type_conflict'],['type_conflict'],0.0013,0.0005,0.0012
fs-ra-01,fs-te-04,['type_conflict'],['type_conflict'],0.002,0.0006,0.002
fs-ra-01,fs-ar-01,['type_conflict'],['type_conflict'],0.0012,0.0005,0.002
fs-ra-01,fs-ar-02,['type_conflict'],['type_conflict'],0.0015,0.0006,0.0019
fs-ra-01,fs-ar-03,['type_conflict'],['type_conflict'],0.0011,0.0005,0.0011
fs-ra-01,fs-ar-04,['type_conflict'],['type_conflict'],0.0014,0.0005,0.001
fs-ra-01,fs-ca-01,['type_conflict'],['type_conflict'],0.0025,0.0005,0.0005
fs-ra-01,fs-ca-02,['type_conflict'],['type_conflict'],0.0024,0.0005,0.0002
fs-ra-01,fs-ca-03,['type_conflict'],['type_conflict'],0.0014,0.0005,0.0002
fs-ra-01,fs-ca-04,['type_conflict'],['type_conflict'],0.0024,0.0005,0.0011
fs-ra-01,hc-cd-01,['type_conflict'],['type_conflict'],0.0023,0.0005,0.0003
fs-ra-01,hc-cd-02,['type_conflict'],['type_conflict'],0.0026,0.0006,0.0002
fs-ra-01,hc-cd-03,['type_conflict'],['type_conflict'],0.0021,0.0006,0.0003
fs-ra-01,hc-cd-04,['type_conflict'],['type_conflict'],0.0022,0.0005,0.0002
fs-ra-01,hc-da-01,['type_conflict'],['type_conflict'],0.0022,0.0005,0.0002
fs-ra-01,hc-da-02,['type_conflict'],['type_conflict'],0.0021,0.0005,0.0002
fs-ra-01,hc-da-03,['type_conflict'],['type_conflict'],0.0026,0.0006,0.0002
fs-ra-01,hc-da-04,['type_conflict'],['type_conflict'],0.0022,0.0005,0.0002
fs-ra-01,hc-tp-01,['type_conflict'],['type_conflict'],0.0027,0.0005,0.0002
fs-ra-01,hc-tp-02,['type_conflict'],['type_conflict'],0.0038,0.0005,0.0002
fs-ra-01,hc-tp-03,['type_conflict'],['type_conflict'],0.0024,0.0006,0.0002
fs-ra-01,hc-tp-04,['type_conflict'],['type_conflict'],0.0021,0.0006,0.0002
fs-ra-01,hc-iv-01,['type_conflict'],['type_conflict'],0.0021,0.0005,0.0002
fs-ra-01,hc-iv-02,['type_conflict'],['type_conflict'],0.0024,0.0005,0.0003
fs-ra-01,hc-iv-03,['type_conflict'],['type_conflict'],0.0014,0.0004,0.0002
fs-ra-01,hc-iv-04,['type_conflict'],['type_conflict'],0.0025,0.0004,0.0003
fs-ra-01,hc-hc-01,['type_conflict'],['type_conflict'],0.0013,0.0005,0.0002
fs-ra-01,hc-hc-02,['type_conflict'],['type_conflict'],0.0021,0.0005,0.0003
fs-ra-01,hc-hc-03,['type_conflict'],['type_conflict'],0.0012,0.0005,0.0002
fs-ra-01,hc-hc-04,['type_conflict'],['type_conflict'],0.0013,0.0005,0.0002
fs-ra-01,hc-mr-01,['type_conflict'],['type_conflict'],0.0013,0.0006,0.0002
fs-ra-01,hc-mr-02,['type_conflict'],['type_conflict'],0.0019,0.0005,0.0002
fs-ra-01,hc-mr-03,['type_conflict'],['type_conflict'],0.0023,0.0005,0.0002
fs-ra-02,fs-ra-03,['type_conflict'],['type_conflict'],0.0015,0.0006,0.001
fs-ra-02,fs-ra-04,['type_conflict'],['type_conflict'],0.0014,0.0006,0.001
fs-ra-02,fs-rc-01,['type_conflict'],['type_conflict'],0.0022,0.0006,0.0011
fs-ra-02,fs-rc-02,['type_conflict'],['type_conflict'],0.0023,0.0005,0.001
fs-ra-02,fs-rc-03,['type_conflict'],['type_conflict'],0.0018,0.0005,0.0011
fs-ra-02,fs-rc-04,['type_conflict'],['type_conflict'],0.0014,0.0005,0.0009
fs-ra-02,fs-te-01,['type_conflict'],"['semantic_conflict', 'type_conflict']",0.0013,0.0012,0.0003
fs-ra-02,fs-te-02,"['semantic_conflict', 'type_conflict']","['semantic_conflict', 'type_conflict']",0.0015,0.0011,0.0002
fs-ra-02,fs-te-03,['type_conflict'],['type_conflict'],0.0021,0.0005,0.0011
fs-ra-02,fs-te-04,['type_conflict'],['type_conflict'],0.0019,0.0005,0.0011
fs-ra-02,fs-ar-01,['type_conflict'],['type_conflict'],0.0015,0.0005,0.0012
fs-ra-02,fs-ar-02,['type_conflict'],['type_conflict'],0.0014,0.0006,0.0012
fs-ra-02,fs-ar-03,['type_conflict'],['type_conflict'],0.0011,0.0005,0.0012
fs-ra-02,fs-ar-04,['type_conflict'],['type_conflict'],0.0014,0.0005,0.001
fs-ra-02,fs-ca-01,['type_conflict'],['type_conflict'],0.0023,0.0004,0.0003
fs-ra-02,fs-ca-02,['type_conflict'],['type_conflict'],0.0024,0.0004,0.0002
fs-ra-02,fs-ca-03,['type_conflict'],['type_conflict'],0.0014,0.0005,0.0002
fs-ra-02,fs-ca-04,['type_conflict'],['type_conflict'],0.0014,0.0005,0.0009
fs-ra-02,hc-cd-01,['type_conflict'],['type_conflict'],0.0023,0.0005,0.0002
fs-ra-02,hc-cd-02,['type_conflict'],['type_conflict'],0.0026,0.0004,0.0002
fs-ra-02,hc-cd-03,['type_conflict'],['type_conflict'],0.002,0.0004,0.0001
fs-ra-02,hc-cd-04,['type_conflict'],['type_conflict'],0.0021,0.0004,0.0001
fs-ra-02,hc-da-01,['type_conflict'],['type_conflict'],0.0022,0.0005,0.0002
fs-ra-02,hc-da-02,['type_conflict'],['type_conflict'],0.0021,0.0004,0.0002
fs-ra-02,hc-da-03,['type_conflict'],['type_conflict'],0.0026,0.0005,0.0001
fs-ra-02,hc-da-04,['type_conflict'],['type_conflict'],0.0022,0.0005,0.0002
fs-ra-02,hc-tp-01,['type_conflict'],['type_conflict'],0.0026,0.0006,0.0002
fs-ra-02,hc-tp-02,['type_conflict'],['type_conflict'],0.0047,0.0006,0.0002
fs-ra-02,hc-tp-03,['type_conflict'],['type_conflict'],0.0025,0.0005,0.0001
fs-ra-02,hc-tp-04,['type_conflict'],['type_conflict'],0.0023,0.0004,0.0013
fs-ra-02,hc-iv-01,['type_conflict'],['type_conflict'],0.0021,0.0005,0.0002
fs-ra-02,hc-iv-02,['type_conflict'],['type_conflict'],0.0024,0.0005,0.0002
fs-ra-02,hc-iv-03,['type_conflict'],['type_conflict'],0.0013,0.0005,0.0002
fs-ra-02,hc-iv-04,['type_conflict'],['type_conflict'],0.0024,0.0004,0.0002
fs-ra-02,hc-hc-01,['type_conflict'],['type_conflict'],0.0013,0.0004,0.0002
fs-ra-02,hc-hc-02,['type_conflict'],['type_conflict'],0.0018,0.0005,0.0001
fs-ra-02,hc-hc-03,['type_conflict'],['type_conflict'],0.001,0.0005,0.0001
fs-ra-02,hc-hc-04,['type_conflict'],['type_conflict'],0.0017,0.0006,0.0001
fs-ra-02,hc-mr-01,['type_conflict'],['type_conflict'],0.0014,0.0004,0.0002
fs-ra-02,hc-mr-02,['type_conflict'],['type_conflict'],0.0019,0.0006,0.0002
fs-ra-02,hc-mr-03,['type_conflict'],['type_conflict'],0.0021,0.0004,0.0002
fs-ra-03,fs-ra-04,['type_conflict'],['type_conflict'],0.0015,0.0008,0.0011
fs-ra-03,fs-rc-01,['type_conflict'],['type_conflict'],0.0024,0.0007,0.0012
fs-ra-03,fs-rc-02,['type_conflict'],['type_conflict'],0.002,0.0006,0.0011
fs-ra-03,fs-rc-03,['type_conflict'],['type_conflict'],0.0024,0.0005,0.001
fs-ra-03,fs-rc-04,['type_conflict'],['type_conflict'],0.0013,0.0005,0.0009
fs-ra-03,fs-te-01,"['semantic_conflict', 'type_conflict']",['type_conflict'],0.0014,0.0006,0.0002
fs-ra-03,fs-te-02,"['semantic_conflict', 'type_conflict']",['type_conflict'],0.0013,0.0007,0.0002
fs-ra-03,fs-te-03,['type_conflict'],['type_conflict'],0.001,0.0005,0.001
fs-ra-03,fs-te-04,['type_conflict'],['type_conflict'],0.0025,0.0005,0.0009
fs-ra-03,fs-ar-01,['type_conflict'],['type_conflict'],0.0024,0.0006,0.001
fs-ra-03,fs-ar-02,['type_conflict'],['type_conflict'],0.0019,0.0006,0.001
fs-ra-03,fs-ar-03,['type_conflict'],['type_conflict'],0.0024,0.0006,0.001
fs-ra-03,fs-ar-04,['type_conflict'],['type_conflict'],0.0014,0.0004,0.0009
fs-ra-03,fs-ca-01,['type_conflict'],['type_conflict'],0.002,0.0005,0.0002
fs-ra-03,fs-ca-02,['type_conflict'],['type_conflict'],0.0025,0.0005,0.0001
fs-ra-03,fs-ca-03,['type_conflict'],['type_conflict'],0.0013,0.0005,0.0001
fs-ra-03,fs-ca-04,['type_conflict'],['type_conflict'],0.0013,0.0005,0.0011
fs-ra-03,hc-cd-01,['type_conflict'],['type_conflict'],0.0024,0.0005,0.0001
fs-ra-03,hc-cd-02,['type_conflict'],['type_conflict'],0.0026,0.0005,0.0002
fs-ra-03,hc-cd-03,['type_conflict'],['type_conflict'],0.002,0.0005,0.0002
fs-ra-03,hc-cd-04,['type_conflict'],['type_conflict'],0.002,0.0005,0.0002
fs-ra-03,hc-da-01,['type_conflict'],['type_conflict'],0.0022,0.0005,0.0002
fs-ra-03,hc-da-02,['type_conflict'],['type_conflict'],0.0021,0.0005,0.0001
fs-ra-03,hc-da-03,['type_conflict'],['type_conflict'],0.0025,0.0006,0.0002
fs-ra-03,hc-da-04,['type_conflict'],['type_conflict'],0.0021,0.0005,0.0002
fs-ra-03,hc-tp-01,['type_conflict'],['type_conflict'],0.0027,0.0005,0.0001
fs-ra-03,hc-tp-02,['type_conflict'],['type_conflict'],0.0029,0.0005,0.0002
fs-ra-03,hc-tp-03,['type_conflict'],['type_conflict'],0.0022,0.0005,0.0001
fs-ra-03,hc-tp-04,['type_conflict'],['type_conflict'],0.002,0.0005,0.0002
fs-ra-03,hc-iv-01,['type_conflict'],['type_conflict'],0.0019,0.0005,0.0002
fs-ra-03,hc-iv-02,['type_conflict'],['type_conflict'],0.0023,0.0006,0.0001
fs-ra-03,hc-iv-03,['type_conflict'],['type_conflict'],0.0014,0.0006,0.0001
fs-ra-03,hc-iv-04,['type_conflict'],['type_conflict'],0.0024,0.0005,0.0002
fs-ra-03,hc-hc-01,['type_conflict'],['type_conflict'],0.0014,0.0005,0.0001
fs-ra-03,hc-hc-02,['type_conflict'],['type_conflict'],0.0018,0.0006,0.0001
fs-ra-03,hc-hc-03,['type_conflict'],['type_conflict'],0.001,0.0005,0.0002
fs-ra-03,hc-hc-04,['type_conflict'],['type_conflict'],0.0014,0.0005,0.0002
fs-ra-03,hc-mr-01,['type_conflict'],['type_conflict'],0.0022,0.0005,0.0002
fs-ra-03,hc-mr-02,['type_conflict'],['type_conflict'],0.0018,0.0006,0.0001
fs-ra-03,hc-mr-03,['type_conflict'],['type_conflict'],0.0022,0.0005,0.0001
fs-ra-04,fs-rc-01,['type_conflict'],['type_conflict'],0.0023,0.0005,0.0012
fs-ra-04,fs-rc-02,['type_conflict'],['type_conflict'],0.0023,0.0006,0.001
fs-ra-04,fs-rc-03,['type_conflict'],['type_conflict'],0.0025,0.0006,0.0015
fs-ra-04,fs-rc-04,['type_conflict'],['type_conflict'],0.0014,0.0005,0.001
fs-ra-04,fs-te-01,['type_conflict'],"['semantic_conflict', 'type_conflict']",0.0013,0.0013,0.0003
fs-ra-04,fs-te-02,"['semantic_conflict', 'type_conflict']","['semantic_conflict', 'type_conflict']",0.0014,0.0011,0.0002
fs-ra-04,fs-te-03,['type_conflict'],['type_conflict'],0.0011,0.0004,0.0011
fs-ra-04,fs-te-04,['type_conflict'],['type_conflict'],0.0025,0.0005,0.0009
fs-ra-04,fs-ar-01,['type_conflict'],['type_conflict'],0.0013,0.0005,0.001
fs-ra-04,fs-ar-02,['type_conflict'],['type_conflict'],0.002,0.0005,0.0009
fs-ra-04,fs-ar-03,['type_conflict'],['type_conflict'],0.0017,0.0005,0.0008
fs-ra-04,fs-ar-04,['type_conflict'],['type_conflict'],0.0013,0.0005,0.0009
fs-ra-04,fs-ca-01,['type_conflict'],['type_conflict'],0.0034,0.0006,0.0003
fs-ra-04,fs-ca-02,['type_conflict'],['type_conflict'],0.0027,0.0005,0.0002
fs-ra-04,fs-ca-03,['type_conflict'],['type_conflict'],0.0016,0.0005,0.0002
fs-ra-04,fs-ca-04,['type_conflict'],['type_conflict'],0.0015,0.0005,0.0012
fs-ra-04,hc-cd-01,['type_conflict'],['type_conflict'],0.0024,0.0007,0.0002
fs-ra-04,hc-cd-02,['type_conflict'],['type_conflict'],0.0028,0.0006,0.0001
fs-ra-04,hc-cd-03,['type_conflict'],['type_conflict'],0.0022,0.0006,0.0002
fs-ra-04,hc-cd-04,['type_conflict'],['type_conflict'],0.0023,0.0005,0.0001
fs-ra-04,hc-da-01,['type_conflict'],['type_conflict'],0.0021,0.0005,0.0002
fs-ra-04,hc-da-02,['type_conflict'],['type_conflict'],0.0022,0.0004,0.0002
fs-ra-04,hc-da-03,['type_conflict'],['type_conflict'],0.0026,0.0005,0.0001
fs-ra-04,hc-da-04,['type_conflict'],['type_conflict'],0.0032,0.0005,0.0002
fs-ra-04,hc-tp-01,['type_conflict'],['type_conflict'],0.0026,0.0005,0.0001
fs-ra-04,hc-tp-02,['type_conflict'],['type_conflict'],0.0029,0.0005,0.0001
fs-ra-04,hc-tp-03,['type_conflict'],['type_conflict'],0.0024,0.0006,0.0002
fs-ra-04,hc-tp-04,['type_conflict'],['type_conflict'],0.0019,0.0004,0.0001
fs-ra-04,hc-iv-01,['type_conflict'],['type_conflict'],0.0021,0.0004,0.0001
fs-ra-04,hc-iv-02,['type_conflict'],['type_conflict'],0.0023,0.0004,0.0002
fs-ra-04,hc-iv-03,['type_conflict'],['type_conflict'],0.0013,0.0005,0.0001
fs-ra-04,hc-iv-04,['type_conflict'],['type_conflict'],0.0023,0.0005,0.0002
fs-ra-04,hc-hc-01,['type_conflict'],['type_conflict'],0.0013,0.0005,0.0002
fs-ra-04,hc-hc-02,['type_conflict'],['type_conflict'],0.0023,0.0005,0.0015
fs-ra-04,hc-hc-03,['type_conflict'],['type_conflict'],0.0011,0.0005,0.0001
fs-ra-04,hc-hc-04,['type_conflict'],['type_conflict'],0.0014,0.0005,0.0002
fs-ra-04,hc-mr-01,['type_conflict'],['type_conflict'],0.0013,0.0005,0.0002
fs-ra-04,hc-mr-02,['type_conflict'],['type_conflict'],0.0019,0.0005,0.0001
fs-ra-04,hc-mr-03,['type_conflict'],['type_conflict'],0.0021,0.0005,0.0002
fs-rc-01,fs-rc-02,['type_conflict'],['type_conflict'],0.0025,0.0007,0.0016
fs-rc-01,fs-rc-03,['type_conflict'],['type_conflict'],0.0016,0.0007,0.0023
fs-rc-01,fs-rc-04,['type_conflict'],['type_conflict'],0.0015,0.0006,0.0013
fs-rc-01,fs-te-01,"['semantic_conflict', 'type_conflict']","['semantic_conflict', 'type_conflict']",0.0015,0.0013,0.0014
fs-rc-01,fs-te-02,"['semantic_conflict', 'type_conflict']","['semantic_conflict', 'type_conflict']",0.0015,0.0013,0.0004
fs-rc-01,fs-te-03,['type_conflict'],['type_conflict'],0.001,0.0007,0.0013
fs-rc-01,fs-te-04,['type_conflict'],['type_conflict'],0.0019,0.0006,0.0019
fs-rc-01,fs-ar-01,['type_conflict'],['type_conflict'],0.0014,0.0006,0.002
fs-rc-01,fs-ar-02,['type_conflict'],['type_conflict'],0.0015,0.0006,0.0022
fs-rc-01,fs-ar-03,['type_conflict'],['type_conflict'],0.0011,0.0006,0.0012
fs-rc-01,fs-ar-04,['type_conflict'],['type_conflict'],0.0015,0.0005,0.0012
fs-rc-01,fs-ca-01,['type_conflict'],['type_conflict'],0.0024,0.0006,0.0006
fs-rc-01,fs-ca-02,"['semantic_conflict', 'type_conflict']",['type_conflict'],0.0027,0.0005,0.0003
fs-rc-01,fs-ca-03,['type_conflict'],['type_conflict'],0.0014,0.0005,0.0003
fs-rc-01,fs-ca-04,"['semantic_conflict', 'type_conflict']",['type_conflict'],0.0013,0.0006,0.0012
fs-rc-01,hc-cd-01,['type_conflict'],['type_conflict'],0.0023,0.0005,0.0013
fs-rc-01,hc-cd-02,['type_conflict'],['type_conflict'],0.0026,0.0005,0.0003
fs-rc-01,hc-cd-03,['type_conflict'],['type_conflict'],0.0021,0.0006,0.0003
fs-rc-01,hc-cd-04,['type_conflict'],['type_conflict'],0.0021,0.0006,0.0004
fs-rc-01,hc-da-01,['type_conflict'],['type_conflict'],0.0021,0.0006,0.0003
fs-rc-01,hc-da-02,['type_conflict'],['type_conflict'],0.0022,0.0005,0.0003
fs-rc-01,hc-da-03,['type_conflict'],['type_conflict'],0.0025,0.0006,0.0003
fs-rc-01,hc-da-04,['type_conflict'],['type_conflict'],0.0021,0.0006,0.0003
fs-rc-01,hc-tp-01,['type_conflict'],['type_conflict'],0.0027,0.0006,0.0003
fs-rc-01,hc-tp-02,['type_conflict'],['type_conflict'],0.0028,0.0006,0.0003
fs-rc-01,hc-tp-03,['type_conflict'],['type_conflict'],0.0023,0.0006,0.0003
fs-rc-01,hc-tp-04,['type_conflict'],['type_conflict'],0.002,0.0006,0.0003
fs-rc-01,hc-iv-01,['type_conflict'],['type_conflict'],0.002,0.0005,0.0004
fs-rc-01,hc-iv-02,['type_conflict'],['type_conflict'],0.0024,0.0005,0.0004
fs-rc-01,hc-iv-03,"['semantic_conflict', 'type_conflict']",['type_conflict'],0.0015,0.0005,0.0002
fs-rc-01,hc-iv-04,['type_conflict'],['type_conflict'],0.0024,0.0005,0.0003
fs-rc-01,hc-hc-01,['type_conflict'],['type_conflict'],0.0015,0.0006,0.0003
fs-rc-01,hc-hc-02,['type_conflict'],['type_conflict'],0.0019,0.0006,0.0003
fs-rc-01,hc-hc-03,['type_conflict'],['type_conflict'],0.0011,0.0005,0.0002
fs-rc-01,hc-hc-04,['type_conflict'],['type_conflict'],0.0014,0.0005,0.0003
fs-rc-01,hc-mr-01,['type_conflict'],['type_conflict'],0.0027,0.0006,0.0003
fs-rc-01,hc-mr-02,['type_conflict'],['type_conflict'],0.002,0.0005,0.0012
fs-rc-01,hc-mr-03,['type_conflict'],['type_conflict'],0.0021,0.0005,0.0003
fs-rc-02,fs-rc-03,['type_conflict'],['type_conflict'],0.0028,0.0006,0.0013
fs-rc-02,fs-rc-04,['type_conflict'],['type_conflict'],0.0015,0.0005,0.0011
fs-rc-02,fs-te-01,['type_conflict'],"['semantic_conflict', 'type_conflict']",0.0014,0.0012,0.0005
fs-rc-02,fs-te-02,['type_conflict'],"['semantic_conflict', 'type_conflict']",0.0014,0.0011,0.0003
fs-rc-02,fs-te-03,['type_conflict'],['type_conflict'],0.0011,0.0005,0.0011
fs-rc-02,fs-te-04,['type_conflict'],['type_conflict'],0.0026,0.0006,0.0012
fs-rc-02,fs-ar-01,['type_conflict'],['type_conflict'],0.0016,0.0006,0.0012
fs-rc-02,fs-ar-02,['type_conflict'],['type_conflict'],0.0022,0.0006,0.0011
fs-rc-02,fs-ar-03,['type_conflict'],['type_conflict'],0.0016,0.0005,0.001
fs-rc-02,fs-ar-04,['type_conflict'],['type_conflict'],0.0013,0.0005,0.001
fs-rc-02,fs-ca-01,['type_conflict'],['type_conflict'],0.0021,0.0006,0.0013
fs-rc-02,fs-ca-02,['type_conflict'],['type_conflict'],0.0019,0.0006,0.0011
fs-rc-02,fs-ca-03,['type_conflict'],['type_conflict'],0.0015,0.0005,0.0002
fs-rc-02,fs-ca-04,['type_conflict'],['type_conflict'],0.0014,0.0006,0.001
fs-rc-02,hc-cd-01,['type_conflict'],['type_conflict'],0.0023,0.0006,0.0004
fs-rc-02,hc-cd-02,['type_conflict'],['type_conflict'],0.0028,0.0005,0.0003
fs-rc-02,hc-cd-03,['type_conflict'],['type_conflict'],0.0022,0.0004,0.0003
fs-rc-02,hc-cd-04,['type_conflict'],['type_conflict'],0.0021,0.0005,0.0002
fs-rc-02,hc-da-01,['type_conflict'],['type_conflict'],0.0023,0.0005,0.0002
fs-rc-02,hc-da-02,['type_conflict'],['type_conflict'],0.0021,0.0006,0.0002
fs-rc-02,hc-da-03,['type_conflict'],['type_conflict'],0.0037,0.0006,0.0002
fs-rc-02,hc-da-04,['type_conflict'],['type_conflict'],0.0024,0.0007,0.0003
fs-rc-02,hc-tp-01,['type_conflict'],['type_conflict'],0.0039,0.0006,0.0003
fs-rc-02,hc-tp-02,['type_conflict'],['type_conflict'],0.0032,0.0006,0.0003
fs-rc-02,hc-tp-03,['type_conflict'],['type_conflict'],0.0028,0.0005,0.0003
fs-rc-02,hc-tp-04,['type_conflict'],['type_conflict'],0.0023,0.0005,0.0002
fs-rc-02,hc-iv-01,['type_conflict'],['type_conflict'],0.0015,0.0005,0.0012
fs-rc-02,hc-iv-02,['type_conflict'],['type_conflict'],0.0018,0.0005,0.001
fs-rc-02,hc-iv-03,['type_conflict'],['type_conflict'],0.0013,0.0005,0.0002
fs-rc-02,hc-iv-04,['type_conflict'],['type_conflict'],0.0019,0.0005,0.0011
fs-rc-02,hc-hc-01,['type_conflict'],['type_conflict'],0.0014,0.0005,0.0002
fs-rc-02,hc-hc-02,['type_conflict'],['type_conflict'],0.0019,0.0005,0.0002
fs-rc-02,hc-hc-03,['type_conflict'],['type_conflict'],0.0012,0.0005,0.0003
fs-rc-02,hc-hc-04,['type_conflict'],['type_conflict'],0.0015,0.0006,0.0002
fs-rc-02,hc-mr-01,['type_conflict'],['type_conflict'],0.0015,0.0005,0.0002
fs-rc-02,hc-mr-02,['type_conflict'],['type_conflict'],0.0019,0.0005,0.0002
fs-rc-02,hc-mr-03,['type_conflict'],['type_conflict'],0.0021,0.0005,0.0002
fs-rc-03,fs-rc-04,['type_conflict'],['type_conflict'],0.0017,0.0006,0.0012
fs-rc-03,fs-te-01,['type_conflict'],['type_conflict'],0.0014,0.0005,0.0013
fs-rc-03,fs-te-02,['type_conflict'],['type_conflict'],0.0014,0.0006,0.0003
fs-rc-03,fs-te-03,['type_conflict'],['type_conflict'],0.001,0.0005,0.0012
fs-rc-03,fs-te-04,['type_conflict'],['type_conflict'],0.0029,0.0005,0.0018
fs-rc-03,fs-ar-01,['type_conflict'],['type_conflict'],0.0015,0.0005,0.0018
fs-rc-03,fs-ar-02,['type_conflict'],['type_conflict'],0.0016,0.0005,0.0019
fs-rc-03,fs-ar-03,['type_conflict'],['type_conflict'],0.001,0.0004,0.001
fs-rc-03,fs-ar-04,['type_conflict'],['type_conflict'],0.0013,0.0005,0.001
fs-rc-03,fs-ca-01,['type_conflict'],['type_conflict'],0.0024,0.0005,0.0004
fs-rc-03,fs-ca-02,['type_conflict'],['type_conflict'],0.0022,0.0004,0.0002
fs-rc-03,fs-ca-03,['type_conflict'],['type_conflict'],0.0023,0.0005,0.0002
fs-rc-03,fs-ca-04,['type_conflict'],['type_conflict'],0.0016,0.0005,0.0011
fs-rc-03,hc-cd-01,['type_conflict'],['type_conflict'],0.0023,0.0005,0.0003
fs-rc-03,hc-cd-02,['type_conflict'],['type_conflict'],0.0026,0.0004,0.0002
fs-rc-03,hc-cd-03,['type_conflict'],['type_conflict'],0.002,0.0005,0.0003
fs-rc-03,hc-cd-04,['type_conflict'],['type_conflict'],0.002,0.0005,0.0003
fs-rc-03,hc-da-01,['type_conflict'],['type_conflict'],0.0022,0.0005,0.0002
fs-rc-03,hc-da-02,['type_conflict'],['type_conflict'],0.0021,0.0005,0.0002
fs-rc-03,hc-da-03,['type_conflict'],['type_conflict'],0.0025,0.0005,0.0003
fs-rc-03,hc-da-04,['type_conflict'],['type_conflict'],0.0021,0.0005,0.0003
fs-rc-03,hc-tp-01,['type_conflict'],['type_conflict'],0.0025,0.0004,0.0003
fs-rc-03,hc-tp-02,['type_conflict'],['type_conflict'],0.0027,0.0004,0.0003
fs-rc-03,hc-tp-03,['type_conflict'],['type_conflict'],0.0023,0.0005,0.0003
fs-rc-03,hc-tp-04,['type_conflict'],['type_conflict'],0.0021,0.0005,0.0002
fs-rc-03,hc-iv-01,['type_conflict'],['type_conflict'],0.0019,0.0004,0.0011
fs-rc-03,hc-iv-02,['type_conflict'],['type_conflict'],0.0023,0.0005,0.0002
fs-rc-03,hc-iv-03,['type_conflict'],['type_conflict'],0.0014,0.0005,0.0001
fs-rc-03,hc-iv-04,['type_conflict'],['type_conflict'],0.0022,0.0004,0.0003
fs-rc-03,hc-hc-01,['type_conflict'],['type_conflict'],0.0013,0.0004,0.0002
fs-rc-03,hc-hc-02,['type_conflict'],['type_conflict'],0.0016,0.0005,0.0003
fs-rc-03,hc-hc-03,['type_conflict'],['type_conflict'],0.0011,0.0005,0.0002
fs-rc-03,hc-hc-04,['type_conflict'],['type_conflict'],0.0014,0.0005,0.0002
fs-rc-03,hc-mr-01,['type_conflict'],['type_conflict'],0.0013,0.0005,0.0002
fs-rc-03,hc-mr-02,['type_conflict'],['type_conflict'],0.0018,0.0004,0.0002
fs-rc-03,hc-mr-03,['type_conflict'],['type_conflict'],0.0022,0.0005,0.0002
fs-rc-04,fs-te-01,['type_conflict'],"['semantic_conflict', 'type_conflict']",0.0026,0.0015,0.0004
fs-rc-04,fs-te-02,['type_conflict'],"['semantic_conflict', 'type_conflict']",0.0015,0.0012,0.0003
fs-rc-04,fs-te-03,['type_conflict'],['type_conflict'],0.0012,0.0007,0.0011
fs-rc-04,fs-te-04,['type_conflict'],['type_conflict'],0.0025,0.0005,0.0011
fs-rc-04,fs-ar-01,['type_conflict'],['type_conflict'],0.0013,0.0006,0.0012
fs-rc-04,fs-ar-02,['type_conflict'],['type_conflict'],0.0021,0.0005,0.0011
fs-rc-04,fs-ar-03,['type_conflict'],['type_conflict'],0.0017,0.0005,0.001
fs-rc-04,fs-ar-04,['type_conflict'],['type_conflict'],0.0013,0.0006,0.0009
fs-rc-04,fs-ca-01,['type_conflict'],['type_conflict'],0.0023,0.0005,0.0003
fs-rc-04,fs-ca-02,['type_conflict'],['type_conflict'],0.0024,0.0006,0.0002
fs-rc-04,fs-ca-03,['type_conflict'],['type_conflict'],0.0014,0.0006,0.0002
fs-rc-04,fs-ca-04,['type_conflict'],['type_conflict'],0.0014,0.0005,0.001
fs-rc-04,hc-cd-01,['type_conflict'],['type_conflict'],0.0021,0.0005,0.0002
fs-rc-04,hc-cd-02,['type_conflict'],['type_conflict'],0.0026,0.0006,0.0002
fs-rc-04,hc-cd-03,['type_conflict'],['type_conflict'],0.002,0.0005,0.0001
fs-rc-04,hc-cd-04,['type_conflict'],['type_conflict'],0.002,0.0005,0.0002
fs-rc-04,hc-da-01,['type_conflict'],['type_conflict'],0.0021,0.0006,0.0001
fs-rc-04,hc-da-02,['type_conflict'],['type_conflict'],0.0021,0.0005,0.0002
fs-rc-04,hc-da-03,['type_conflict'],['type_conflict'],0.0026,0.0006,0.0002
fs-rc-04,hc-da-04,['type_conflict'],['type_conflict'],0.0022,0.0005,0.0001
fs-rc-04,hc-tp-01,['type_conflict'],['type_conflict'],0.0027,0.0006,0.0001
fs-rc-04,hc-tp-02,['type_conflict'],['type_conflict'],0.0028,0.0006,0.0001
fs-rc-04,hc-tp-03,['type_conflict'],['type_conflict'],0.0024,0.0005,0.0002
fs-rc-04,hc-tp-04,['type_conflict'],['type_conflict'],0.002,0.0005,0.0001
fs-rc-04,hc-iv-01,['type_conflict'],['type_conflict'],0.002,0.0005,0.0002
fs-rc-04,hc-iv-02,['type_conflict'],['type_conflict'],0.0035,0.0006,0.0002
fs-rc-04,hc-iv-03,['type_conflict'],['type_conflict'],0.0013,0.0005,0.0001
fs-rc-04,hc-iv-04,['type_conflict'],['type_conflict'],0.0023,0.0005,0.0002
fs-rc-04,hc-hc-01,['type_conflict'],['type_conflict'],0.0013,0.0005,0.0002
fs-rc-04,hc-hc-02,['type_conflict'],['type_conflict'],0.002,0.0005,0.0002
fs-rc-04,hc-hc-03,['type_conflict'],['type_conflict'],0.0012,0.0006,0.0002
fs-rc-04,hc-hc-04,['type_conflict'],['type_conflict'],0.0014,0.0005,0.0002
fs-rc-04,hc-mr-01,['type_conflict'],['type_conflict'],0.0026,0.0007,0.0002
fs-rc-04,hc-mr-02,['type_conflict'],['type_conflict'],0.0021,0.0007,0.0002
fs-rc-04,hc-mr-03,['type_conflict'],['type_conflict'],0.0024,0.0006,0.0002
fs-te-01,fs-te-02,['type_conflict'],['type_conflict'],0.0016,0.001,0.0014
fs-te-01,fs-te-03,"['type_conflict', 'policy_conflict']","['semantic_conflict', 'type_conflict']",0.0012,0.0013,0.0004
fs-te-01,fs-te-04,['type_conflict'],[],0.0012,0.0006,0.0014
fs-te-01,fs-ar-01,"['semantic_conflict', 'type_conflict']",['type_conflict'],0.0015,0.0006,0.0013
fs-te-01,fs-ar-02,['type_conflict'],['type_conflict'],0.0015,0.0005,0.0012
fs-te-01,fs-ar-03,['type_conflict'],['type_conflict'],0.0011,0.0005,0.0003
fs-te-01,fs-ar-04,['type_conflict'],['type_conflict'],0.0015,0.0006,0.0003
fs-te-01,fs-ca-01,['type_conflict'],['type_conflict'],0.0024,0.0006,0.0004
fs-te-01,fs-ca-02,['type_conflict'],['type_conflict'],0.0024,0.0006,0.0003
fs-te-01,fs-ca-03,['type_conflict'],['type_conflict'],0.0013,0.0005,0.0002
fs-te-01,fs-ca-04,['type_conflict'],['type_conflict'],0.0014,0.0005,0.0003
fs-te-01,hc-cd-01,['type_conflict'],['type_conflict'],0.0023,0.0005,0.0003
fs-te-01,hc-cd-02,['type_conflict'],['type_conflict'],0.0025,0.0006,0.0002
fs-te-01,hc-cd-03,['type_conflict'],['type_conflict'],0.002,0.0005,0.0003
fs-te-01,hc-cd-04,['type_conflict'],['type_conflict'],0.0021,0.0005,0.0002
fs-te-01,hc-da-01,['type_conflict'],['type_conflict'],0.0022,0.0006,0.0003
fs-te-01,hc-da-02,['type_conflict'],['type_conflict'],0.0034,0.0005,0.0003
fs-te-01,hc-da-03,['type_conflict'],['type_conflict'],0.0026,0.0005,0.0003
fs-te-01,hc-da-04,['type_conflict'],['type_conflict'],0.0035,0.0005,0.0003
fs-te-01,hc-tp-01,['type_conflict'],['type_conflict'],0.0027,0.0005,0.0002
fs-te-01,hc-tp-02,['type_conflict'],['type_conflict'],0.0029,0.0005,0.0002
fs-te-01,hc-tp-03,['type_conflict'],['type_conflict'],0.0023,0.0006,0.0002
fs-te-01,hc-tp-04,['type_conflict'],['type_conflict'],0.0022,0.0005,0.0002
fs-te-01,hc-iv-01,['type_conflict'],['type_conflict'],0.002,0.0004,0.0003
fs-te-01,hc-iv-02,['type_conflict'],['type_conflict'],0.0024,0.0004,0.0003
fs-te-01,hc-iv-03,['type_conflict'],['type_conflict'],0.0015,0.0004,0.0002
fs-te-01,hc-iv-04,['type_conflict'],['type_conflict'],0.0025,0.0005,0.0003
fs-te-01,hc-hc-01,"['semantic_conflict', 'type_conflict']",['type_conflict'],0.0015,0.0005,0.0002
fs-te-01,hc-hc-02,['type_conflict'],['type_conflict'],0.0019,0.0006,0.0002
fs-te-01,hc-hc-03,['type_conflict'],['type_conflict'],0.001,0.0006,0.0002
fs-te-01,hc-hc-04,['type_conflict'],['type_conflict'],0.0014,0.0005,0.0002
fs-te-01,hc-mr-01,['type_conflict'],['type_conflict'],0.0013,0.0005,0.0002
fs-te-01,hc-mr-02,['type_conflict'],['type_conflict'],0.0018,0.0005,0.0002
fs-te-01,hc-mr-03,['type_conflict'],['type_conflict'],0.0023,0.0005,0.0003
fs-te-02,fs-te-03,"['semantic_conflict', 'type_conflict', 'policy_conflict']","['semantic_conflict', 'type_conflict']",0.0011,0.0015,0.0002
fs-te-02,fs-te-04,"['semantic_conflict', 'type_conflict']","['semantic_conflict', 'type_conflict']",0.0026,0.0014,0.0002
fs-te-02,fs-ar-01,"['semantic_conflict', 'type_conflict']",['type_conflict'],0.0015,0.0007,0.0002
fs-te-02,fs-ar-02,['type_conflict'],['type_conflict'],0.0021,0.0006,0.0002
fs-te-02,fs-ar-03,['type_conflict'],['type_conflict'],0.0017,0.0006,0.0002
fs-te-02,fs-ar-04,['type_conflict'],['type_conflict'],0.0014,0.0006,0.0015
fs-te-02,fs-ca-01,['type_conflict'],['type_conflict'],0.0022,0.0006,0.0003
fs-te-02,fs-ca-02,['type_conflict'],['type_conflict'],0.0023,0.0006,0.0003
fs-te-02,fs-ca-03,['type_conflict'],['type_conflict'],0.0022,0.0006,0.0002
fs-te-02,fs-ca-04,['type_conflict'],['type_conflict'],0.0014,0.0005,0.0002
fs-te-02,hc-cd-01,['type_conflict'],['type_conflict'],0.0023,0.0006,0.0001
fs-te-02,hc-cd-02,['type_conflict'],['type_conflict'],0.0024,0.0006,0.0001
fs-te-02,hc-cd-03,['type_conflict'],['type_conflict'],0.002,0.0006,0.0002
fs-te-02,hc-cd-04,['type_conflict'],['type_conflict'],0.0021,0.0006,0.0001
fs-te-02,hc-da-01,['type_conflict'],['type_conflict'],0.002,0.0006,0.0001
fs-te-02,hc-da-02,['type_conflict'],['type_conflict'],0.0021,0.0006,0.0001
fs-te-02,hc-da-03,['type_conflict'],['type_conflict'],0.0026,0.0006,0.0001
fs-te-02,hc-da-04,['type_conflict'],['type_conflict'],0.0021,0.0006,0.0001
fs-te-02,hc-tp-01,"['semantic_conflict', 'type_conflict']",['type_conflict'],0.0025,0.0006,0.0001
fs-te-02,hc-tp-02,['type_conflict'],['type_conflict'],0.0027,0.0005,0.0002
fs-te-02,hc-tp-03,['type_conflict'],['type_conflict'],0.0022,0.0005,0.0002
fs-te-02,hc-tp-04,['type_conflict'],['type_conflict'],0.0019,0.0005,0.0002
fs-te-02,hc-iv-01,['type_conflict'],['type_conflict'],0.0019,0.0005,0.0001
fs-te-02,hc-iv-02,['type_conflict'],['type_conflict'],0.0023,0.0006,0.0001
fs-te-02,hc-iv-03,['type_conflict'],['type_conflict'],0.0013,0.0005,0.0001
fs-te-02,hc-iv-04,['type_conflict'],['type_conflict'],0.0022,0.0005,0.0002
fs-te-02,hc-hc-01,['type_conflict'],['type_conflict'],0.0013,0.0005,0.0002
fs-te-02,hc-hc-02,['type_conflict'],['type_conflict'],0.0019,0.0007,0.0001
fs-te-02,hc-hc-03,['type_conflict'],['type_conflict'],0.0011,0.0006,0.0001
fs-te-02,hc-hc-04,['type_conflict'],['type_conflict'],0.0013,0.0005,0.0001
fs-te-02,hc-mr-01,['type_conflict'],['type_conflict'],0.0014,0.0006,0.0002
fs-te-02,hc-mr-02,['type_conflict'],['type_conflict'],0.0018,0.0005,0.0002
fs-te-02,hc-mr-03,['type_conflict'],['type_conflict'],0.0022,0.0006,0.0001
fs-te-03,fs-te-04,['type_conflict'],['type_conflict'],0.0038,0.0007,0.0013
fs-te-03,fs-ar-01,['type_conflict'],['type_conflict'],0.0014,0.0006,0.001
fs-te-03,fs-ar-02,['type_conflict'],['type_conflict'],0.0021,0.0006,0.0011
fs-te-03,fs-ar-03,['type_conflict'],['type_conflict'],0.0016,0.0006,0.0009
fs-te-03,fs-ar-04,['type_conflict'],['type_conflict'],0.0013,0.0007,0.0009
fs-te-03,fs-ca-01,['type_conflict'],['type_conflict'],0.0023,0.0006,0.0002
fs-te-03,fs-ca-02,['type_conflict'],['type_conflict'],0.0024,0.0006,0.0001
fs-te-03,fs-ca-03,['type_conflict'],['type_conflict'],0.0012,0.0006,0.0001
fs-te-03,fs-ca-04,['type_conflict'],['type_conflict'],0.0013,0.0005,0.001
fs-te-03,hc-cd-01,['type_conflict'],['type_conflict'],0.0022,0.0006,0.0002
fs-te-03,hc-cd-02,['type_conflict'],['type_conflict'],0.0026,0.0006,0.0001
fs-te-03,hc-cd-03,['type_conflict'],['type_conflict'],0.002,0.0006,0.0002
fs-te-03,hc-cd-04,['type_conflict'],['type_conflict'],0.002,0.0006,0.0001
fs-te-03,hc-da-01,['type_conflict'],['type_conflict'],0.0023,0.0006,0.0001
fs-te-03,hc-da-02,['type_conflict'],['type_conflict'],0.0021,0.0006,0.0002
fs-te-03,hc-da-03,['type_conflict'],['type_conflict'],0.0036,0.0006,0.0001
fs-te-03,hc-da-04,['type_conflict'],['type_conflict'],0.0025,0.0006,0.0001
fs-te-03,hc-tp-01,['type_conflict'],['type_conflict'],0.0027,0.0006,0.0001
fs-te-03,hc-tp-02,['type_conflict'],['type_conflict'],0.0031,0.0006,0.0002
fs-te-03,hc-tp-03,['type_conflict'],['type_conflict'],0.0024,0.0006,0.0001
fs-te-03,hc-tp-04,['type_conflict'],['type_conflict'],0.002,0.0005,0.0001
fs-te-03,hc-iv-01,['type_conflict'],['type_conflict'],0.0019,0.0005,0.0002
fs-te-03,hc-iv-02,['type_conflict'],['type_conflict'],0.0024,0.0006,0.0002
fs-te-03,hc-iv-03,['type_conflict'],['type_conflict'],0.0013,0.0006,0.0001
fs-te-03,hc-iv-04,['type_conflict'],['type_conflict'],0.0023,0.0006,0.0002
fs-te-03,hc-hc-01,['type_conflict'],['type_conflict'],0.0013,0.0006,0.0002
fs-te-03,hc-hc-02,['type_conflict'],['type_conflict'],0.0027,0.0006,0.0002
fs-te-03,hc-hc-03,['type_conflict'],['type_conflict'],0.0011,0.0006,0.0001
fs-te-03,hc-hc-04,['type_conflict'],['type_conflict'],0.0014,0.0006,0.0002
fs-te-03,hc-mr-01,['type_conflict'],['type_conflict'],0.0013,0.0006,0.0002
fs-te-03,hc-mr-02,['type_conflict'],['type_conflict'],0.0018,0.0005,0.0001
fs-te-03,hc-mr-03,['type_conflict'],['type_conflict'],0.0021,0.0005,0.0001
fs-te-04,fs-ar-01,['type_conflict'],['type_conflict'],0.0017,0.0007,0.0021
fs-te-04,fs-ar-02,['type_conflict'],['type_conflict'],0.0014,0.0007,0.002
fs-te-04,fs-ar-03,['type_conflict'],['type_conflict'],0.001,0.0006,0.0011
fs-te-04,fs-ar-04,['type_conflict'],['type_conflict'],0.0014,0.0006,0.0011
fs-te-04,fs-ca-01,['type_conflict'],['type_conflict'],0.0026,0.0005,0.0016
fs-te-04,fs-ca-02,['type_conflict'],['type_conflict'],0.0025,0.0005,0.0003
fs-te-04,fs-ca-03,['type_conflict'],['type_conflict'],0.0014,0.0005,0.0002
fs-te-04,fs-ca-04,['type_conflict'],['type_conflict'],0.0013,0.0005,0.0012
fs-te-04,hc-cd-01,['type_conflict'],['type_conflict'],0.0024,0.0005,0.0003
fs-te-04,hc-cd-02,['type_conflict'],['type_conflict'],0.0026,0.0005,0.0003
fs-te-04,hc-cd-03,['type_conflict'],['type_conflict'],0.002,0.0006,0.0003
fs-te-04,hc-cd-04,"['semantic_conflict', 'type_conflict']","['semantic_conflict', 'type_conflict']",0.002,0.0013,0.0002
fs-te-04,hc-da-01,['type_conflict'],['type_conflict'],0.0024,0.0005,0.0002
fs-te-04,hc-da-02,['type_conflict'],['type_conflict'],0.0022,0.0004,0.0002
fs-te-04,hc-da-03,['type_conflict'],['type_conflict'],0.0026,0.0005,0.0003
fs-te-04,hc-da-04,['type_conflict'],['type_conflict'],0.0022,0.0004,0.0002
fs-te-04,hc-tp-01,['type_conflict'],['type_conflict'],0.0024,0.0005,0.0002
fs-te-04,hc-tp-02,['type_conflict'],['type_conflict'],0.0028,0.0004,0.0002
fs-te-04,hc-tp-03,['type_conflict'],['type_conflict'],0.0023,0.0006,0.0003
fs-te-04,hc-tp-04,['type_conflict'],['type_conflict'],0.003,0.0005,0.0003
fs-te-04,hc-iv-01,['type_conflict'],['type_conflict'],0.002,0.0005,0.0003
fs-te-04,hc-iv-02,['type_conflict'],['type_conflict'],0.0023,0.0005,0.0002
fs-te-04,hc-iv-03,['type_conflict'],['type_conflict'],0.0014,0.0005,0.0002
fs-te-04,hc-iv-04,['type_conflict'],['type_conflict'],0.0023,0.0005,0.0003
fs-te-04,hc-hc-01,['type_conflict'],['type_conflict'],0.0013,0.0005,0.0002
fs-te-04,hc-hc-02,['type_conflict'],['type_conflict'],0.0019,0.0005,0.001
fs-te-04,hc-hc-03,['type_conflict'],['type_conflict'],0.0011,0.0005,0.0002
fs-te-04,hc-hc-04,['type_conflict'],['type_conflict'],0.0014,0.0005,0.0002
fs-te-04,hc-mr-01,['type_conflict'],['type_conflict'],0.0013,0.0005,0.0002
fs-te-04,hc-mr-02,['type_conflict'],['type_conflict'],0.0017,0.0005,0.0002
fs-te-04,hc-mr-03,['type_conflict'],['type_conflict'],0.0022,0.0005,0.0003
fs-ar-01,fs-ar-02,['type_conflict'],['type_conflict'],0.0012,0.0007,0.0022
fs-ar-01,fs-ar-03,['type_conflict'],[],0.0007,0.0007,0.0012
fs-ar-01,fs-ar-04,['type_conflict'],['type_conflict'],0.0014,0.0005,0.0011
fs-ar-01,fs-ca-01,['type_conflict'],['type_conflict'],0.0024,0.0006,0.0004
fs-ar-01,fs-ca-02,['type_conflict'],['type_conflict'],0.0024,0.0005,0.0003
fs-ar-01,fs-ca-03,['type_conflict'],['type_conflict'],0.0013,0.0005,0.0002
fs-ar-01,fs-ca-04,['type_conflict'],['type_conflict'],0.0013,0.0005,0.0011
fs-ar-01,hc-cd-01,['type_conflict'],['type_conflict'],0.0021,0.0004,0.0002
fs-ar-01,hc-cd-02,['type_conflict'],['type_conflict'],0.0027,0.0005,0.0002
fs-ar-01,hc-cd-03,['type_conflict'],['type_conflict'],0.002,0.0005,0.0003
fs-ar-01,hc-cd-04,['type_conflict'],['type_conflict'],0.002,0.0006,0.0002
fs-ar-01,hc-da-01,['type_conflict'],['type_conflict'],0.0021,0.0005,0.0003
fs-ar-01,hc-da-02,['type_conflict'],['type_conflict'],0.0021,0.0005,0.0001
fs-ar-01,hc-da-03,['type_conflict'],['type_conflict'],0.0024,0.0005,0.0002
fs-ar-01,hc-da-04,['type_conflict'],['type_conflict'],0.003,0.0005,0.0002
fs-ar-01,hc-tp-01,['type_conflict'],['type_conflict'],0.0025,0.0006,0.0002
fs-ar-01,hc-tp-02,['type_conflict'],['type_conflict'],0.0028,0.0006,0.0002
fs-ar-01,hc-tp-03,['type_conflict'],['type_conflict'],0.0021,0.0006,0.0002
fs-ar-01,hc-tp-04,['type_conflict'],['type_conflict'],0.0021,0.0005,0.0002
fs-ar-01,hc-iv-01,['type_conflict'],['type_conflict'],0.0019,0.0005,0.0003
fs-ar-01,hc-iv-02,['type_conflict'],['type_conflict'],0.0022,0.0006,0.0003
fs-ar-01,hc-iv-03,['type_conflict'],['type_conflict'],0.0014,0.0005,0.0002
fs-ar-01,hc-iv-04,['type_conflict'],['type_conflict'],0.0024,0.0005,0.0002
fs-ar-01,hc-hc-01,['type_conflict'],['type_conflict'],0.0013,0.0005,0.0003
fs-ar-01,hc-hc-02,['type_conflict'],['type_conflict'],0.0018,0.0005,0.0002
fs-ar-01,hc-hc-03,['type_conflict'],['type_conflict'],0.001,0.0005,0.0002
fs-ar-01,hc-hc-04,['type_conflict'],['type_conflict'],0.0014,0.0005,0.0002
fs-ar-01,hc-mr-01,['type_conflict'],['type_conflict'],0.0013,0.0005,0.0003
fs-ar-01,hc-mr-02,['type_conflict'],['type_conflict'],0.0017,0.0006,0.0002
fs-ar-01,hc-mr-03,['type_conflict'],['type_conflict'],0.002,0.0006,0.0002
fs-ar-02,fs-ar-03,['type_conflict'],['type_conflict'],0.0012,0.0007,0.0012
fs-ar-02,fs-ar-04,['type_conflict'],['type_conflict'],0.0012,0.0007,0.001
fs-ar-02,fs-ca-01,['type_conflict'],['type_conflict'],0.0022,0.0006,0.0003
fs-ar-02,fs-ca-02,['type_conflict'],['type_conflict'],0.0025,0.0006,0.0002
fs-ar-02,fs-ca-03,['type_conflict'],['type_conflict'],0.0013,0.0005,0.0002
fs-ar-02,fs-ca-04,['type_conflict'],['type_conflict'],0.0013,0.0005,0.0009
fs-ar-02,hc-cd-01,['type_conflict'],['type_conflict'],0.0023,0.0005,0.0002
fs-ar-02,hc-cd-02,['type_conflict'],['type_conflict'],0.0036,0.0005,0.0002
fs-ar-02,hc-cd-03,['type_conflict'],['type_conflict'],0.0021,0.0005,0.0002
fs-ar-02,hc-cd-04,['type_conflict'],['type_conflict'],0.0023,0.0006,0.0003
fs-ar-02,hc-da-01,['type_conflict'],['type_conflict'],0.0035,0.0007,0.0003
fs-ar-02,hc-da-02,['type_conflict'],['type_conflict'],0.0024,0.0006,0.0003
fs-ar-02,hc-da-03,['type_conflict'],['type_conflict'],0.0028,0.0005,0.0002
fs-ar-02,hc-da-04,['type_conflict'],['type_conflict'],0.0022,0.0005,0.0003
fs-ar-02,hc-tp-01,['type_conflict'],['type_conflict'],0.0025,0.0006,0.0003
fs-ar-02,hc-tp-02,['type_conflict'],['type_conflict'],0.003,0.0005,0.0002
fs-ar-02,hc-tp-03,['type_conflict'],['type_conflict'],0.0023,0.0005,0.0002
fs-ar-02,hc-tp-04,['type_conflict'],['type_conflict'],0.0023,0.0006,0.0003
fs-ar-02,hc-iv-01,['type_conflict'],['type_conflict'],0.0021,0.0005,0.0003
fs-ar-02,hc-iv-02,['type_conflict'],['type_conflict'],0.0023,0.0005,0.0002
fs-ar-02,hc-iv-03,['type_conflict'],['type_conflict'],0.0013,0.0005,0.0002
fs-ar-02,hc-iv-04,['type_conflict'],['type_conflict'],0.0024,0.0005,0.0003
fs-ar-02,hc-hc-01,['type_conflict'],['type_conflict'],0.0014,0.0004,0.0002
fs-ar-02,hc-hc-02,['type_conflict'],['type_conflict'],0.0019,0.0005,0.0002
fs-ar-02,hc-hc-03,['type_conflict'],['type_conflict'],0.001,0.0004,0.0002
fs-ar-02,hc-hc-04,['type_conflict'],['type_conflict'],0.0012,0.0005,0.0002
fs-ar-02,hc-mr-01,['type_conflict'],['type_conflict'],0.0014,0.0005,0.0002
fs-ar-02,hc-mr-02,['type_conflict'],['type_conflict'],0.0018,0.0005,0.0003
fs-ar-02,hc-mr-03,['type_conflict'],['type_conflict'],0.0034,0.0005,0.0002
fs-ar-03,fs-ar-04,['type_conflict'],['type_conflict'],0.0012,0.0006,0.0012
fs-ar-03,fs-ca-01,['type_conflict'],['type_conflict'],0.0023,0.0006,0.0003
fs-ar-03,fs-ca-02,['type_conflict'],['type_conflict'],0.0024,0.0006,0.0002
fs-ar-03,fs-ca-03,['type_conflict'],['type_conflict'],0.0015,0.0006,0.0001
fs-ar-03,fs-ca-04,['type_conflict'],['type_conflict'],0.0013,0.0005,0.0011
fs-ar-03,hc-cd-01,['type_conflict'],['type_conflict'],0.0022,0.0005,0.0001
fs-ar-03,hc-cd-02,['type_conflict'],['type_conflict'],0.0034,0.0006,0.0001
fs-ar-03,hc-cd-03,['type_conflict'],['type_conflict'],0.002,0.0005,0.0002
fs-ar-03,hc-cd-04,['type_conflict'],['type_conflict'],0.0022,0.0005,0.0002
fs-ar-03,hc-da-01,['type_conflict'],['type_conflict'],0.0022,0.0005,0.0002
fs-ar-03,hc-da-02,['type_conflict'],['type_conflict'],0.0021,0.0005,0.0002
fs-ar-03,hc-da-03,['type_conflict'],['type_conflict'],0.0025,0.0005,0.0002
fs-ar-03,hc-da-04,['type_conflict'],['type_conflict'],0.0022,0.0005,0.0002
fs-ar-03,hc-tp-01,['type_conflict'],['type_conflict'],0.0024,0.0005,0.0002
fs-ar-03,hc-tp-02,['type_conflict'],['type_conflict'],0.0029,0.0005,0.0001
fs-ar-03,hc-tp-03,['type_conflict'],['type_conflict'],0.0023,0.0005,0.0001
fs-ar-03,hc-tp-04,['type_conflict'],['type_conflict'],0.0019,0.0005,0.0001
fs-ar-03,hc-iv-01,['type_conflict'],['type_conflict'],0.0021,0.0005,0.0002
fs-ar-03,hc-iv-02,['type_conflict'],['type_conflict'],0.0024,0.0005,0.0002
fs-ar-03,hc-iv-03,['type_conflict'],['type_conflict'],0.0013,0.0005,0.0002
fs-ar-03,hc-iv-04,['type_conflict'],['type_conflict'],0.0023,0.0004,0.0013
fs-ar-03,hc-hc-01,['type_conflict'],['type_conflict'],0.0014,0.0005,0.0001
fs-ar-03,hc-hc-02,['type_conflict'],['type_conflict'],0.0019,0.0005,0.0002
fs-ar-03,hc-hc-03,['type_conflict'],['type_conflict'],0.001,0.0004,0.0001
fs-ar-03,hc-hc-04,['type_conflict'],['type_conflict'],0.0013,0.0005,0.0001
fs-ar-03,hc-mr-01,['type_conflict'],['type_conflict'],0.0013,0.0005,0.0002
fs-ar-03,hc-mr-02,['type_conflict'],['type_conflict'],0.0018,0.0004,0.0002
fs-ar-03,hc-mr-03,['type_conflict'],['type_conflict'],0.0021,0.0006,0.0002
fs-ar-04,fs-ca-01,"['semantic_conflict', 'type_conflict']","['semantic_conflict', 'type_conflict']",0.0024,0.0017,0.0003
fs-ar-04,fs-ca-02,['type_conflict'],['type_conflict'],0.0023,0.0008,0.0002
fs-ar-04,fs-ca-03,['type_conflict'],['type_conflict'],0.0014,0.0007,0.0001
fs-ar-04,fs-ca-04,['type_conflict'],['type_conflict'],0.0014,0.0006,0.0021
fs-ar-04,hc-cd-01,"['semantic_conflict', 'type_conflict']","['semantic_conflict', 'type_conflict']",0.0024,0.0011,0.0002
fs-ar-04,hc-cd-02,['type_conflict'],['type_conflict'],0.0024,0.0005,0.0001
fs-ar-04,hc-cd-03,['type_conflict'],['type_conflict'],0.0019,0.0004,0.0002
fs-ar-04,hc-cd-04,['type_conflict'],['type_conflict'],0.002,0.0005,0.0002
fs-ar-04,hc-da-01,['type_conflict'],['type_conflict'],0.002,0.0005,0.0002
fs-ar-04,hc-da-02,['type_conflict'],['type_conflict'],0.0021,0.0006,0.0002
fs-ar-04,hc-da-03,['type_conflict'],['type_conflict'],0.0025,0.0006,0.0002
fs-ar-04,hc-da-04,['type_conflict'],['type_conflict'],0.0023,0.0005,0.0001
fs-ar-04,hc-tp-01,['type_conflict'],['type_conflict'],0.0024,0.0005,0.0002
fs-ar-04,hc-tp-02,['type_conflict'],['type_conflict'],0.0035,0.0005,0.0001
fs-ar-04,hc-tp-03,['type_conflict'],['type_conflict'],0.0022,0.0005,0.0001
fs-ar-04,hc-tp-04,['type_conflict'],['type_conflict'],0.0021,0.0006,0.0002
fs-ar-04,hc-iv-01,['type_conflict'],['type_conflict'],0.002,0.0005,0.0001
fs-ar-04,hc-iv-02,['type_conflict'],['type_conflict'],0.0024,0.0005,0.0001
fs-ar-04,hc-iv-03,['type_conflict'],['type_conflict'],0.0013,0.0005,0.0002
fs-ar-04,hc-iv-04,['type_conflict'],['type_conflict'],0.0024,0.0006,0.0001
fs-ar-04,hc-hc-01,['type_conflict'],['type_conflict'],0.0015,0.0005,0.0002
fs-ar-04,hc-hc-02,"['semantic_conflict', 'type_conflict']","['semantic_conflict', 'type_conflict']",0.0019,0.0012,0.0002
fs-ar-04,hc-hc-03,['type_conflict'],['type_conflict'],0.001,0.0005,0.0002
fs-ar-04,hc-hc-04,['type_conflict'],['type_conflict'],0.0013,0.0005,0.0001
fs-ar-04,hc-mr-01,['type_conflict'],['type_conflict'],0.0013,0.0006,0.0001
fs-ar-04,hc-mr-02,['type_conflict'],['type_conflict'],0.0018,0.0005,0.0002
fs-ar-04,hc-mr-03,['type_conflict'],['type_conflict'],0.0021,0.0005,0.0001
fs-ca-01,fs-ca-02,['type_conflict'],['type_conflict'],0.0012,0.0007,0.0013
fs-ca-01,fs-ca-03,['type_conflict'],['type_conflict'],0.0014,0.0007,0.0002
fs-ca-01,fs-ca-04,['type_conflict'],['type_conflict'],0.0021,0.0007,0.0004
fs-ca-01,hc-cd-01,['type_conflict'],['type_conflict'],0.0022,0.0006,0.0002
fs-ca-01,hc-cd-02,['type_conflict'],['type_conflict'],0.0027,0.0005,0.0003
fs-ca-01,hc-cd-03,['type_conflict'],['type_conflict'],0.002,0.0006,0.0002
fs-ca-01,hc-cd-04,['type_conflict'],['type_conflict'],0.002,0.0005,0.0002
fs-ca-01,hc-da-01,['type_conflict'],['type_conflict'],0.0021,0.0005,0.0002
fs-ca-01,hc-da-02,['type_conflict'],['type_conflict'],0.003,0.0006,0.0002
fs-ca-01,hc-da-03,['type_conflict'],['type_conflict'],0.0025,0.0006,0.0002
fs-ca-01,hc-da-04,['type_conflict'],['type_conflict'],0.0021,0.0006,0.0002
fs-ca-01,hc-tp-01,['type_conflict'],['type_conflict'],0.0024,0.0006,0.0002
fs-ca-01,hc-tp-02,['type_conflict'],['type_conflict'],0.0028,0.0005,0.0003
fs-ca-01,hc-tp-03,['type_conflict'],['type_conflict'],0.0022,0.0007,0.0002
fs-ca-01,hc-tp-04,['type_conflict'],['type_conflict'],0.002,0.0006,0.0003
fs-ca-01,hc-iv-01,['type_conflict'],"['semantic_conflict', 'type_conflict']",0.0014,0.0011,0.0012
fs-ca-01,hc-iv-02,['type_conflict'],['type_conflict'],0.0018,0.0005,0.0011
fs-ca-01,hc-iv-03,['type_conflict'],['type_conflict'],0.0014,0.0005,0.0002
fs-ca-01,hc-iv-04,['type_conflict'],['type_conflict'],0.0018,0.0006,0.0011
fs-ca-01,hc-hc-01,['type_conflict'],['type_conflict'],0.0016,0.0006,0.0002
fs-ca-01,hc-hc-02,['type_conflict'],['type_conflict'],0.002,0.0006,0.0003
fs-ca-01,hc-hc-03,['type_conflict'],['type_conflict'],0.0012,0.0006,0.0002
fs-ca-01,hc-hc-04,['type_conflict'],['type_conflict'],0.0015,0.0006,0.0002
fs-ca-01,hc-mr-01,['type_conflict'],['type_conflict'],0.0015,0.0006,0.0003
fs-ca-01,hc-mr-02,['type_conflict'],['type_conflict'],0.0019,0.0006,0.0002
fs-ca-01,hc-mr-03,"['semantic_conflict', 'type_conflict']",['type_conflict'],0.0022,0.0006,0.0002
fs-ca-02,fs-ca-03,['type_conflict'],['type_conflict'],0.0012,0.0007,0.0001
fs-ca-02,fs-ca-04,['type_conflict'],['type_conflict'],0.0013,0.0007,0.0002
fs-ca-02,hc-cd-01,['type_conflict'],['type_conflict'],0.0033,0.0006,0.0002
fs-ca-02,hc-cd-02,['type_conflict'],['type_conflict'],0.0029,0.0006,0.0014
fs-ca-02,hc-cd-03,['type_conflict'],['type_conflict'],0.0021,0.0006,0.0001
fs-ca-02,hc-cd-04,['type_conflict'],['type_conflict'],0.0019,0.0005,0.0001
fs-ca-02,hc-da-01,['type_conflict'],['type_conflict'],0.0023,0.0004,0.0002
fs-ca-02,hc-da-02,['type_conflict'],['type_conflict'],0.0021,0.0005,0.0002
fs-ca-02,hc-da-03,['type_conflict'],['type_conflict'],0.0025,0.0005,0.0002
fs-ca-02,hc-da-04,['type_conflict'],['type_conflict'],0.0022,0.0004,0.0001
fs-ca-02,hc-tp-01,['type_conflict'],['type_conflict'],0.0026,0.0005,0.0002
fs-ca-02,hc-tp-02,['type_conflict'],['type_conflict'],0.0028,0.0005,0.0002
fs-ca-02,hc-tp-03,['type_conflict'],['type_conflict'],0.007,0.0007,0.0002
fs-ca-02,hc-tp-04,['type_conflict'],['type_conflict'],0.0021,0.0004,0.0001
fs-ca-02,hc-iv-01,['type_conflict'],['type_conflict'],0.0021,0.0005,0.0013
fs-ca-02,hc-iv-02,['type_conflict'],['type_conflict'],0.0024,0.0004,0.001
fs-ca-02,hc-iv-03,['type_conflict'],['type_conflict'],0.0014,0.0005,0.0002
fs-ca-02,hc-iv-04,['type_conflict'],['type_conflict'],0.0023,0.0005,0.001
fs-ca-02,hc-hc-01,['type_conflict'],['type_conflict'],0.0014,0.0005,0.0002
fs-ca-02,hc-hc-02,['type_conflict'],['type_conflict'],0.0018,0.0005,0.0002
fs-ca-02,hc-hc-03,['type_conflict'],['type_conflict'],0.0011,0.0005,0.0001
fs-ca-02,hc-hc-04,['type_conflict'],['type_conflict'],0.0013,0.0005,0.0001
fs-ca-02,hc-mr-01,['type_conflict'],['type_conflict'],0.0013,0.0004,0.0001
fs-ca-02,hc-mr-02,['type_conflict'],['type_conflict'],0.0018,0.0005,0.0001
fs-ca-02,hc-mr-03,['type_conflict'],['type_conflict'],0.0036,0.0005,0.0002
fs-ca-03,fs-ca-04,['type_conflict'],['type_conflict'],0.0015,0.0005,0.0001
fs-ca-03,hc-cd-01,['type_conflict'],['type_conflict'],0.0021,0.0005,0.0001
fs-ca-03,hc-cd-02,['type_conflict'],['type_conflict'],0.0035,0.0005,0.0001
fs-ca-03,hc-cd-03,['type_conflict'],['type_conflict'],0.002,0.0005,0.0001
fs-ca-03,hc-cd-04,['type_conflict'],['type_conflict'],0.0021,0.0005,0.0001
fs-ca-03,hc-da-01,['type_conflict'],['type_conflict'],0.002,0.0005,0.0001
fs-ca-03,hc-da-02,['type_conflict'],['type_conflict'],0.0021,0.0004,0.0001
fs-ca-03,hc-da-03,['type_conflict'],['type_conflict'],0.0026,0.0005,0.0001
fs-ca-03,hc-da-04,['type_conflict'],['type_conflict'],0.0021,0.0005,0.0001
fs-ca-03,hc-tp-01,['type_conflict'],['type_conflict'],0.0024,0.0005,0.0
fs-ca-03,hc-tp-02,['type_conflict'],['type_conflict'],0.0028,0.0004,0.0
fs-ca-03,hc-tp-03,['type_conflict'],['type_conflict'],0.0022,0.0005,0.0001
fs-ca-03,hc-tp-04,['type_conflict'],['type_conflict'],0.0019,0.0005,0.0001
fs-ca-03,hc-iv-01,['type_conflict'],['type_conflict'],0.0019,0.0004,0.0
fs-ca-03,hc-iv-02,['type_conflict'],['type_conflict'],0.0022,0.0005,0.0001
fs-ca-03,hc-iv-03,['type_conflict'],['type_conflict'],0.0014,0.0004,0.0001
fs-ca-03,hc-iv-04,['type_conflict'],['type_conflict'],0.0024,0.0005,0.0001
fs-ca-03,hc-hc-01,['type_conflict'],['type_conflict'],0.0014,0.0005,0.0001
fs-ca-03,hc-hc-02,['type_conflict'],['type_conflict'],0.0018,0.0005,0.0
fs-ca-03,hc-hc-03,['type_conflict'],['type_conflict'],0.0011,0.0005,0.0
fs-ca-03,hc-hc-04,['type_conflict'],['type_conflict'],0.0014,0.0004,0.0001
fs-ca-03,hc-mr-01,['type_conflict'],['type_conflict'],0.0013,0.0005,0.0001
fs-ca-03,hc-mr-02,['type_conflict'],['type_conflict'],0.0018,0.0005,0.0001
fs-ca-03,hc-mr-03,['type_conflict'],['type_conflict'],0.0023,0.0005,0.0
fs-ca-04,hc-cd-01,['type_conflict'],['type_conflict'],0.0023,0.0006,0.0002
fs-ca-04,hc-cd-02,['type_conflict'],['type_conflict'],0.0024,0.0006,0.0002
fs-ca-04,hc-cd-03,['type_conflict'],['type_conflict'],0.002,0.0005,0.0002
fs-ca-04,hc-cd-04,['type_conflict'],['type_conflict'],0.0028,0.0005,0.0001
fs-ca-04,hc-da-01,['type_conflict'],['type_conflict'],0.002,0.0005,0.0002
fs-ca-04,hc-da-02,['type_conflict'],['type_conflict'],0.0021,0.0005,0.0002
fs-ca-04,hc-da-03,['type_conflict'],['type_conflict'],0.0024,0.0005,0.0001
fs-ca-04,hc-da-04,['type_conflict'],['type_conflict'],0.002,0.0005,0.0002
fs-ca-04,hc-tp-01,['type_conflict'],['type_conflict'],0.0025,0.0005,0.0001
fs-ca-04,hc-tp-02,['type_conflict'],['type_conflict'],0.0028,0.0005,0.0002
fs-ca-04,hc-tp-03,['type_conflict'],['type_conflict'],0.0022,0.0005,0.0001
fs-ca-04,hc-tp-04,['type_conflict'],['type_conflict'],0.0019,0.0005,0.0002
fs-ca-04,hc-iv-01,['type_conflict'],['type_conflict'],0.002,0.0005,0.0001
fs-ca-04,hc-iv-02,['type_conflict'],['type_conflict'],0.0023,0.0005,0.0002
fs-ca-04,hc-iv-03,['type_conflict'],['type_conflict'],0.0013,0.0005,0.0001
fs-ca-04,hc-iv-04,['type_conflict'],['type_conflict'],0.0024,0.0005,0.0002
fs-ca-04,hc-hc-01,['type_conflict'],['type_conflict'],0.0013,0.0005,0.0002
fs-ca-04,hc-hc-02,['type_conflict'],['type_conflict'],0.0017,0.0005,0.0001
fs-ca-04,hc-hc-03,['type_conflict'],['type_conflict'],0.002,0.0005,0.0002
fs-ca-04,hc-hc-04,['type_conflict'],['type_conflict'],0.0014,0.0005,0.0002
fs-ca-04,hc-mr-01,['type_conflict'],['type_conflict'],0.0014,0.0005,0.0001
fs-ca-04,hc-mr-02,['type_conflict'],['type_conflict'],0.0019,0.0005,0.0001
fs-ca-04,hc-mr-03,['type_conflict'],['type_conflict'],0.0021,0.0005,0.0002
hc-cd-01,hc-cd-02,['type_conflict'],['type_conflict'],0.0018,0.0007,0.0012
hc-cd-01,hc-cd-03,['type_conflict'],['type_conflict'],0.0016,0.0007,0.001
hc-cd-01,hc-cd-04,['type_conflict'],['type_conflict'],0.0012,0.0006,0.0011
hc-cd-01,hc-da-01,['type_conflict'],['type_conflict'],0.0014,0.0007,0.0009
hc-cd-01,hc-da-02,['type_conflict'],['type_conflict'],0.0013,0.0005,0.0009
hc-cd-01,hc-da-03,['type_conflict'],['type_conflict'],0.0018,0.0004,0.0008
hc-cd-01,hc-da-04,['type_conflict'],['type_conflict'],0.0024,0.0005,0.0009
hc-cd-01,hc-tp-01,['type_conflict'],['type_conflict'],0.0018,0.0005,0.001
hc-cd-01,hc-tp-02,['type_conflict'],['type_conflict'],0.0022,0.0005,0.0011
hc-cd-01,hc-tp-03,['type_conflict'],['type_conflict'],0.0013,0.0005,0.001
hc-cd-01,hc-tp-04,"['semantic_conflict', 'type_conflict']","['semantic_conflict', 'type_conflict']",0.0014,0.0012,0.0011
hc-cd-01,hc-iv-01,['type_conflict'],"['semantic_conflict', 'type_conflict']",0.002,0.0013,0.0003
hc-cd-01,hc-iv-02,['type_conflict'],['type_conflict'],0.0027,0.0006,0.0001
hc-cd-01,hc-iv-03,['type_conflict'],['type_conflict'],0.0015,0.0005,0.0002
hc-cd-01,hc-iv-04,['type_conflict'],['type_conflict'],0.0027,0.0006,0.0003
hc-cd-01,hc-hc-01,['type_conflict'],['type_conflict'],0.0016,0.0006,0.0012
hc-cd-01,hc-hc-02,['type_conflict'],['type_conflict'],0.0011,0.0005,0.002
hc-cd-01,hc-hc-03,['type_conflict'],['type_conflict'],0.0012,0.0006,0.001
hc-cd-01,hc-hc-04,['type_conflict'],['type_conflict'],0.0014,0.0005,0.0009
hc-cd-01,hc-mr-01,['type_conflict'],['type_conflict'],0.0014,0.0005,0.0009
hc-cd-01,hc-mr-02,['type_conflict'],['type_conflict'],0.0011,0.0005,0.0008
hc-cd-01,hc-mr-03,"['semantic_conflict', 'type_conflict']",['type_conflict'],0.0014,0.0005,0.0009
hc-cd-02,hc-cd-03,['type_conflict'],['type_conflict'],0.0014,0.0007,0.0009
hc-cd-02,hc-cd-04,['type_conflict'],['type_conflict'],0.0013,0.0006,0.001
hc-cd-02,hc-da-01,['type_conflict'],['type_conflict'],0.0013,0.0005,0.001
hc-cd-02,hc-da-02,['type_conflict'],['type_conflict'],0.0014,0.0005,0.001
hc-cd-02,hc-da-03,['type_conflict'],['type_conflict'],0.0019,0.0005,0.001
hc-cd-02,hc-da-04,['type_conflict'],['type_conflict'],0.0015,0.0005,0.001
hc-cd-02,hc-tp-01,['type_conflict'],['type_conflict'],0.0018,0.0004,0.001
hc-cd-02,hc-tp-02,['type_conflict'],['type_conflict'],0.0021,0.0005,0.0009
hc-cd-02,hc-tp-03,['type_conflict'],['type_conflict'],0.0013,0.0005,0.0008
hc-cd-02,hc-tp-04,['type_conflict'],"['semantic_conflict', 'type_conflict']",0.0013,0.0012,0.0009
hc-cd-02,hc-iv-01,['type_conflict'],['type_conflict'],0.0029,0.0005,0.0002
hc-cd-02,hc-iv-02,['type_conflict'],['type_conflict'],0.0024,0.0004,0.0001
hc-cd-02,hc-iv-03,['type_conflict'],['type_conflict'],0.0014,0.0004,0.0002
hc-cd-02,hc-iv-04,['type_conflict'],['type_conflict'],0.0023,0.0005,0.0002
hc-cd-02,hc-hc-01,['type_conflict'],['type_conflict'],0.0014,0.0005,0.001
hc-cd-02,hc-hc-02,['type_conflict'],['type_conflict'],0.0011,0.0005,0.0019
hc-cd-02,hc-hc-03,['type_conflict'],['type_conflict'],0.0011,0.0005,0.001
hc-cd-02,hc-hc-04,['type_conflict'],['type_conflict'],0.0013,0.0005,0.001
hc-cd-02,hc-mr-01,['type_conflict'],['type_conflict'],0.0014,0.0005,0.001
hc-cd-02,hc-mr-02,['type_conflict'],['type_conflict'],0.0011,0.0005,0.0009
hc-cd-02,hc-mr-03,['type_conflict'],['type_conflict'],0.0013,0.0005,0.0009
hc-cd-03,hc-cd-04,['type_conflict'],['type_conflict'],0.002,0.0007,0.0013
hc-cd-03,hc-da-01,['type_conflict'],['type_conflict'],0.0022,0.0006,0.0009
hc-cd-03,hc-da-02,['type_conflict'],['type_conflict'],0.0021,0.0005,0.0009
hc-cd-03,hc-da-03,['type_conflict'],['type_conflict'],0.0025,0.0006,0.0008
hc-cd-03,hc-da-04,['type_conflict'],['type_conflict'],0.002,0.0006,0.001
hc-cd-03,hc-tp-01,['type_conflict'],['type_conflict'],0.0023,0.0005,0.001
hc-cd-03,hc-tp-02,['type_conflict'],['type_conflict'],0.0022,0.0005,0.001
hc-cd-03,hc-tp-03,['type_conflict'],['type_conflict'],0.0019,0.0006,0.0009
hc-cd-03,hc-tp-04,['type_conflict'],"['semantic_conflict', 'type_conflict']",0.0013,0.0011,0.001
hc-cd-03,hc-iv-01,['type_conflict'],['type_conflict'],0.002,0.0005,0.0002
hc-cd-03,hc-iv-02,['type_conflict'],['type_conflict'],0.0024,0.0006,0.0002
hc-cd-03,hc-iv-03,['type_conflict'],['type_conflict'],0.0014,0.0005,0.0002
hc-cd-03,hc-iv-04,['type_conflict'],['type_conflict'],0.0024,0.0005,0.0002
hc-cd-03,hc-hc-01,['type_conflict'],['type_conflict'],0.0014,0.0005,0.001
hc-cd-03,hc-hc-02,['type_conflict'],['type_conflict'],0.003,0.0005,0.0009
hc-cd-03,hc-hc-03,['type_conflict'],['type_conflict'],0.0012,0.0005,0.0009
hc-cd-03,hc-hc-04,['type_conflict'],['type_conflict'],0.0015,0.0006,0.0009
hc-cd-03,hc-mr-01,['type_conflict'],['type_conflict'],0.0014,0.0004,0.0008
hc-cd-03,hc-mr-02,['type_conflict'],['type_conflict'],0.0017,0.0005,0.0008
hc-cd-03,hc-mr-03,['type_conflict'],['type_conflict'],0.002,0.0005,0.001
hc-cd-04,hc-da-01,['type_conflict'],['type_conflict'],0.0021,0.0006,0.001
hc-cd-04,hc-da-02,['type_conflict'],['type_conflict'],0.0022,0.0006,0.0009
hc-cd-04,hc-da-03,['type_conflict'],['type_conflict'],0.0023,0.0006,0.001
hc-cd-04,hc-da-04,['type_conflict'],['type_conflict'],0.0021,0.0005,0.0009
hc-cd-04,hc-tp-01,['type_conflict'],['type_conflict'],0.0023,0.0005,0.0009
hc-cd-04,hc-tp-02,['type_conflict'],['type_conflict'],0.0021,0.0005,0.0008
hc-cd-04,hc-tp-03,['type_conflict'],['type_conflict'],0.002,0.0004,0.0008
hc-cd-04,hc-tp-04,['type_conflict'],['type_conflict'],0.0015,0.0005,0.001
hc-cd-04,hc-iv-01,['type_conflict'],['type_conflict'],0.002,0.0005,0.0002
hc-cd-04,hc-iv-02,['type_conflict'],['type_conflict'],0.0025,0.0005,0.0002
hc-cd-04,hc-iv-03,['type_conflict'],['type_conflict'],0.0014,0.0005,0.0001
hc-cd-04,hc-iv-04,['type_conflict'],['type_conflict'],0.0024,0.0004,0.0002
hc-cd-04,hc-hc-01,['type_conflict'],['type_conflict'],0.0015,0.0005,0.0011
hc-cd-04,hc-hc-02,['type_conflict'],['type_conflict'],0.0017,0.0005,0.001
hc-cd-04,hc-hc-03,['type_conflict'],['type_conflict'],0.001,0.0005,0.0009
hc-cd-04,hc-hc-04,['type_conflict'],['type_conflict'],0.0013,0.0004,0.001
hc-cd-04,hc-mr-01,['type_conflict'],['type_conflict'],0.0013,0.0005,0.001
hc-cd-04,hc-mr-02,['type_conflict'],['type_conflict'],0.0037,0.0004,0.0009
hc-cd-04,hc-mr-03,['type_conflict'],['type_conflict'],0.002,0.0005,0.001
hc-da-01,hc-da-02,['type_conflict'],['type_conflict'],0.0015,0.0006,0.0009
hc-da-01,hc-da-03,['type_conflict'],['type_conflict'],0.0028,0.0006,0.0009
hc-da-01,hc-da-04,['type_conflict'],['type_conflict'],0.0014,0.0005,0.0009
hc-da-01,hc-tp-01,['type_conflict'],['type_conflict'],0.0016,0.0005,0.001
hc-da-01,hc-tp-02,['type_conflict'],['type_conflict'],0.0022,0.0005,0.0009
hc-da-01,hc-tp-03,['type_conflict'],['type_conflict'],0.0014,0.0005,0.001
hc-da-01,hc-tp-04,"['semantic_conflict', 'type_conflict']","['semantic_conflict', 'type_conflict']",0.0014,0.0012,0.001
hc-da-01,hc-iv-01,['type_conflict'],['type_conflict'],0.0021,0.0005,0.0002
hc-da-01,hc-iv-02,['type_conflict'],['type_conflict'],0.0023,0.0005,0.0002
hc-da-01,hc-iv-03,['type_conflict'],['type_conflict'],0.0013,0.0006,0.0001
hc-da-01,hc-iv-04,['type_conflict'],['type_conflict'],0.0025,0.0005,0.0003
hc-da-01,hc-hc-01,['type_conflict'],['type_conflict'],0.0013,0.0005,0.001
hc-da-01,hc-hc-02,['type_conflict'],['type_conflict'],0.001,0.0005,0.001
hc-da-01,hc-hc-03,['type_conflict'],['type_conflict'],0.001,0.0005,0.001
hc-da-01,hc-hc-04,['type_conflict'],['type_conflict'],0.0015,0.0005,0.001
hc-da-01,hc-mr-01,['type_conflict'],['type_conflict'],0.0015,0.0005,0.0011
hc-da-01,hc-mr-02,['type_conflict'],['type_conflict'],0.0012,0.0005,0.0011
hc-da-01,hc-mr-03,['type_conflict'],['type_conflict'],0.0016,0.0005,0.0011
hc-da-02,hc-da-03,['type_conflict'],['type_conflict'],0.002,0.0007,0.001
hc-da-02,hc-da-04,['type_conflict'],['type_conflict'],0.0027,0.0007,0.0011
hc-da-02,hc-tp-01,['type_conflict'],['type_conflict'],0.0019,0.0006,0.0009
hc-da-02,hc-tp-02,['type_conflict'],['type_conflict'],0.0023,0.0006,0.001
hc-da-02,hc-tp-03,['type_conflict'],['type_conflict'],0.0015,0.0006,0.001
hc-da-02,hc-tp-04,['type_conflict'],"['semantic_conflict', 'type_conflict']",0.0014,0.0011,0.001
hc-da-02,hc-iv-01,['type_conflict'],['type_conflict'],0.0021,0.0005,0.0001
hc-da-02,hc-iv-02,['type_conflict'],['type_conflict'],0.0026,0.0005,0.0002
hc-da-02,hc-iv-03,['type_conflict'],['type_conflict'],0.0024,0.0005,0.0001
hc-da-02,hc-iv-04,['type_conflict'],['type_conflict'],0.0025,0.0004,0.0001
hc-da-02,hc-hc-01,['type_conflict'],['type_conflict'],0.0015,0.0006,0.001
hc-da-02,hc-hc-02,['type_conflict'],['type_conflict'],0.0011,0.0005,0.0008
hc-da-02,hc-hc-03,['type_conflict'],['type_conflict'],0.001,0.0005,0.001
hc-da-02,hc-hc-04,['type_conflict'],['type_conflict'],0.0014,0.0005,0.0011
hc-da-02,hc-mr-01,['type_conflict'],['type_conflict'],0.0014,0.0005,0.0009
hc-da-02,hc-mr-02,['type_conflict'],['type_conflict'],0.0011,0.0005,0.0009
hc-da-02,hc-mr-03,['type_conflict'],['type_conflict'],0.0014,0.0005,0.0009
hc-da-03,hc-da-04,['type_conflict'],['type_conflict'],0.0014,0.0007,0.0009
hc-da-03,hc-tp-01,['type_conflict'],['type_conflict'],0.0016,0.0006,0.001
hc-da-03,hc-tp-02,['type_conflict'],['type_conflict'],0.0022,0.0006,0.0009
hc-da-03,hc-tp-03,['type_conflict'],['type_conflict'],0.0013,0.0006,0.001
hc-da-03,hc-tp-04,['type_conflict'],"['semantic_conflict', 'type_conflict']",0.0011,0.0011,0.0009
hc-da-03,hc-iv-01,['type_conflict'],['type_conflict'],0.0021,0.0006,0.0013
hc-da-03,hc-iv-02,['type_conflict'],['type_conflict'],0.0023,0.0005,0.0002
hc-da-03,hc-iv-03,['type_conflict'],['type_conflict'],0.0013,0.0005,0.0001
hc-da-03,hc-iv-04,['type_conflict'],['type_conflict'],0.0023,0.0005,0.0002
hc-da-03,hc-hc-01,['type_conflict'],['type_conflict'],0.0015,0.0006,0.0011
hc-da-03,hc-hc-02,['type_conflict'],['type_conflict'],0.001,0.0005,0.0009
hc-da-03,hc-hc-03,['type_conflict'],['type_conflict'],0.0011,0.0006,0.001
hc-da-03,hc-hc-04,['type_conflict'],['type_conflict'],0.0013,0.0006,0.0009
hc-da-03,hc-mr-01,['type_conflict'],['type_conflict'],0.0014,0.0005,0.0009
hc-da-03,hc-mr-02,['type_conflict'],['type_conflict'],0.001,0.0005,0.001
hc-da-03,hc-mr-03,['type_conflict'],['type_conflict'],0.0014,0.0005,0.0009
hc-da-04,hc-tp-01,['type_conflict'],['type_conflict'],0.0018,0.0006,0.0009
hc-da-04,hc-tp-02,['type_conflict'],['type_conflict'],0.0032,0.0006,0.001
hc-da-04,hc-tp-03,['type_conflict'],['type_conflict'],0.0014,0.0005,0.0009
hc-da-04,hc-tp-04,['type_conflict'],"['semantic_conflict', 'type_conflict']",0.0013,0.0012,0.0009
hc-da-04,hc-iv-01,['type_conflict'],['type_conflict'],0.002,0.0006,0.0001
hc-da-04,hc-iv-02,['type_conflict'],['type_conflict'],0.0024,0.0004,0.0002
hc-da-04,hc-iv-03,['type_conflict'],['type_conflict'],0.0013,0.0005,0.0001
hc-da-04,hc-iv-04,['type_conflict'],['type_conflict'],0.0022,0.0004,0.0002
hc-da-04,hc-hc-01,['type_conflict'],['type_conflict'],0.0014,0.0006,0.001
hc-da-04,hc-hc-02,['type_conflict'],['type_conflict'],0.001,0.0005,0.001
hc-da-04,hc-hc-03,['type_conflict'],['type_conflict'],0.001,0.0005,0.001
hc-da-04,hc-hc-04,['type_conflict'],['type_conflict'],0.0013,0.0005,0.001
hc-da-04,hc-mr-01,['type_conflict'],['type_conflict'],0.0014,0.0005,0.001
hc-da-04,hc-mr-02,['type_conflict'],['type_conflict'],0.001,0.0005,0.0009
hc-da-04,hc-mr-03,['type_conflict'],['type_conflict'],0.0013,0.0005,0.0009
hc-tp-01,hc-tp-02,['type_conflict'],['type_conflict'],0.0024,0.0007,0.0009
hc-tp-01,hc-tp-03,['type_conflict'],['type_conflict'],0.0012,0.0007,0.0009
hc-tp-01,hc-tp-04,['type_conflict'],"['semantic_conflict', 'type_conflict']",0.0014,0.0013,0.0009
hc-tp-01,hc-iv-01,['type_conflict'],['type_conflict'],0.0021,0.0006,0.0002
hc-tp-01,hc-iv-02,['type_conflict'],['type_conflict'],0.0022,0.0007,0.0002
hc-tp-01,hc-iv-03,['type_conflict'],['type_conflict'],0.0012,0.0005,0.0002
hc-tp-01,hc-iv-04,['type_conflict'],['type_conflict'],0.0024,0.0005,0.0002
hc-tp-01,hc-hc-01,['type_conflict'],['type_conflict'],0.0013,0.0005,0.001
hc-tp-01,hc-hc-02,['type_conflict'],['type_conflict'],0.001,0.0005,0.0009
hc-tp-01,hc-hc-03,['type_conflict'],['type_conflict'],0.0009,0.0005,0.001
hc-tp-01,hc-hc-04,['type_conflict'],['type_conflict'],0.0014,0.0005,0.001
hc-tp-01,hc-mr-01,['type_conflict'],['type_conflict'],0.0022,0.0005,0.001
hc-tp-01,hc-mr-02,['type_conflict'],['type_conflict'],0.0011,0.0005,0.001
hc-tp-01,hc-mr-03,['type_conflict'],['type_conflict'],0.0014,0.0005,0.0009
hc-tp-02,hc-tp-03,['type_conflict'],['type_conflict'],0.0023,0.0007,0.0009
hc-tp-02,hc-tp-04,['type_conflict'],"['semantic_conflict', 'type_conflict']",0.0014,0.0012,0.0009
hc-tp-02,hc-iv-01,['type_conflict'],['type_conflict'],0.0022,0.0006,0.0002
hc-tp-02,hc-iv-02,['type_conflict'],['type_conflict'],0.0034,0.0006,0.0001
hc-tp-02,hc-iv-03,['type_conflict'],['type_conflict'],0.0014,0.0005,0.0002
hc-tp-02,hc-iv-04,['type_conflict'],['type_conflict'],0.0024,0.0005,0.0001
hc-tp-02,hc-hc-01,['type_conflict'],['type_conflict'],0.0014,0.0006,0.0009
hc-tp-02,hc-hc-02,['type_conflict'],['type_conflict'],0.0018,0.0006,0.001
hc-tp-02,hc-hc-03,['type_conflict'],['type_conflict'],0.0012,0.0004,0.001
hc-tp-02,hc-hc-04,['type_conflict'],['type_conflict'],0.0014,0.0004,0.001
hc-tp-02,hc-mr-01,['type_conflict'],['type_conflict'],0.0014,0.0005,0.001
hc-tp-02,hc-mr-02,['type_conflict'],['type_conflict'],0.0017,0.0005,0.001
hc-tp-02,hc-mr-03,['type_conflict'],['type_conflict'],0.002,0.0004,0.0009
hc-tp-03,hc-tp-04,['type_conflict'],"['semantic_conflict', 'type_conflict']",0.0012,0.0012,0.0009
hc-tp-03,hc-iv-01,['type_conflict'],['type_conflict'],0.002,0.0006,0.0001
hc-tp-03,hc-iv-02,['type_conflict'],['type_conflict'],0.0023,0.0006,0.0001
hc-tp-03,hc-iv-03,['type_conflict'],['type_conflict'],0.0011,0.0006,0.0001
hc-tp-03,hc-iv-04,['type_conflict'],['type_conflict'],0.0023,0.0005,0.0002
hc-tp-03,hc-hc-01,['type_conflict'],['type_conflict'],0.0013,0.0005,0.001
hc-tp-03,hc-hc-02,['type_conflict'],['type_conflict'],0.001,0.0005,0.001
hc-tp-03,hc-hc-03,['type_conflict'],['type_conflict'],0.001,0.0005,0.001
hc-tp-03,hc-hc-04,['type_conflict'],['type_conflict'],0.0013,0.0005,0.001
hc-tp-03,hc-mr-01,['type_conflict'],['type_conflict'],0.0015,0.0005,0.0011
hc-tp-03,hc-mr-02,['type_conflict'],['type_conflict'],0.0025,0.0006,0.0011
hc-tp-03,hc-mr-03,['type_conflict'],['type_conflict'],0.0027,0.0006,0.0011
hc-tp-04,hc-iv-01,['type_conflict'],['type_conflict'],0.0026,0.001,0.0002
hc-tp-04,hc-iv-02,['type_conflict'],['type_conflict'],0.0028,0.0008,0.0002
hc-tp-04,hc-iv-03,['type_conflict'],['type_conflict'],0.0016,0.0007,0.0001
hc-tp-04,hc-iv-04,['type_conflict'],['type_conflict'],0.0027,0.0007,0.0002
hc-tp-04,hc-hc-01,"['semantic_conflict', 'type_conflict']","['semantic_conflict', 'type_conflict']",0.0016,0.0013,0.0012
hc-tp-04,hc-hc-02,['type_conflict'],"['semantic_conflict', 'type_conflict']",0.0018,0.0011,0.0011
hc-tp-04,hc-hc-03,['type_conflict'],"['semantic_conflict', 'type_conflict']",0.0011,0.0011,0.001
hc-tp-04,hc-hc-04,['type_conflict'],['type_conflict'],0.0013,0.0006,0.001
hc-tp-04,hc-mr-01,['type_conflict'],"['semantic_conflict', 'type_conflict']",0.0014,0.0011,0.0009
hc-tp-04,hc-mr-02,['type_conflict'],"['semantic_conflict', 'type_conflict']",0.0016,0.001,0.0009
hc-tp-04,hc-mr-03,['type_conflict'],"['semantic_conflict', 'type_conflict']",0.002,0.0011,0.001
hc-iv-01,hc-iv-02,['type_conflict'],['type_conflict'],0.0017,0.0007,0.001
hc-iv-01,hc-iv-03,['type_conflict'],['type_conflict'],0.0013,0.0007,0.0002
hc-iv-01,hc-iv-04,['type_conflict'],['type_conflict'],0.0017,0.0006,0.001
hc-iv-01,hc-hc-01,['type_conflict'],['type_conflict'],0.0014,0.0006,0.0002
hc-iv-01,hc-hc-02,"['semantic_conflict', 'type_conflict']","['semantic_conflict', 'type_conflict']",0.0021,0.0012,0.0002
hc-iv-01,hc-hc-03,['type_conflict'],['type_conflict'],0.0011,0.0006,0.0002
hc-iv-01,hc-hc-04,['type_conflict'],['type_conflict'],0.0014,0.0006,0.0002
hc-iv-01,hc-mr-01,['type_conflict'],['type_conflict'],0.0015,0.0006,0.0002
hc-iv-01,hc-mr-02,['type_conflict'],['type_conflict'],0.002,0.0005,0.0002
hc-iv-01,hc-mr-03,['type_conflict'],['type_conflict'],0.003,0.0007,0.0001
hc-iv-02,hc-iv-03,['type_conflict'],['type_conflict'],0.0014,0.0005,0.0001
hc-iv-02,hc-iv-04,['type_conflict'],['type_conflict'],0.0016,0.0006,0.0011
hc-iv-02,hc-hc-01,['type_conflict'],['type_conflict'],0.0022,0.0006,0.0002
hc-iv-02,hc-hc-02,['type_conflict'],['type_conflict'],0.0019,0.0006,0.0002
hc-iv-02,hc-hc-03,['type_conflict'],['type_conflict'],0.001,0.0005,0.0002
hc-iv-02,hc-hc-04,['type_conflict'],['type_conflict'],0.0013,0.0005,0.0001
hc-iv-02,hc-mr-01,['type_conflict'],['type_conflict'],0.0014,0.0005,0.0002
hc-iv-02,hc-mr-02,['type_conflict'],['type_conflict'],0.0018,0.0005,0.0001
hc-iv-02,hc-mr-03,['type_conflict'],['type_conflict'],0.0021,0.0006,0.0002
hc-iv-03,hc-iv-04,['type_conflict'],['type_conflict'],0.0022,0.0006,0.0001
hc-iv-03,hc-hc-01,['type_conflict'],['type_conflict'],0.0013,0.0006,0.0001
hc-iv-03,hc-hc-02,['type_conflict'],['type_conflict'],0.002,0.0006,0.0001
hc-iv-03,hc-hc-03,['type_conflict'],['type_conflict'],0.0011,0.0005,0.0001
hc-iv-03,hc-hc-04,['type_conflict'],['type_conflict'],0.0013,0.0005,0.0001
hc-iv-03,hc-mr-01,['type_conflict'],['type_conflict'],0.0013,0.0006,0.0
hc-iv-03,hc-mr-02,['type_conflict'],['type_conflict'],0.0019,0.0005,0.0001
hc-iv-03,hc-mr-03,['type_conflict'],['type_conflict'],0.0021,0.0005,0.0001
hc-iv-04,hc-hc-01,['type_conflict'],['type_conflict'],0.0015,0.0005,0.0002
hc-iv-04,hc-hc-02,['type_conflict'],['type_conflict'],0.0019,0.0005,0.0001
hc-iv-04,hc-hc-03,['type_conflict'],['type_conflict'],0.001,0.0005,0.0001
hc-iv-04,hc-hc-04,['type_conflict'],['type_conflict'],0.0014,0.0005,0.0002
hc-iv-04,hc-mr-01,['type_conflict'],['type_conflict'],0.0014,0.0005,0.0002
hc-iv-04,hc-mr-02,['type_conflict'],['type_conflict'],0.0017,0.0005,0.0002
hc-iv-04,hc-mr-03,['type_conflict'],['type_conflict'],0.0021,0.0005,0.0002
hc-hc-01,hc-hc-02,['type_conflict'],['type_conflict'],0.0018,0.0007,0.001
hc-hc-01,hc-hc-03,['type_conflict'],['type_conflict'],0.0011,0.0006,0.001
hc-hc-01,hc-hc-04,['type_conflict'],[],0.0009,0.0005,0.0009
hc-hc-01,hc-mr-01,['type_conflict'],['type_conflict'],0.0015,0.0006,0.001
hc-hc-01,hc-mr-02,['type_conflict'],['type_conflict'],0.003,0.0006,0.0011
hc-hc-01,hc-mr-03,['type_conflict'],['type_conflict'],0.0022,0.0005,0.001
hc-hc-02,hc-hc-03,['type_conflict'],['type_conflict'],0.0012,0.0008,0.0009
hc-hc-02,hc-hc-04,['type_conflict'],['type_conflict'],0.0014,0.0007,0.0008
hc-hc-02,hc-mr-01,['type_conflict'],['type_conflict'],0.0013,0.0006,0.0009
hc-hc-02,hc-mr-02,['type_conflict'],['type_conflict'],0.0018,0.0006,0.0009
hc-hc-02,hc-mr-03,"['semantic_conflict', 'type_conflict']",['type_conflict'],0.0023,0.0005,0.001
hc-hc-03,hc-hc-04,['type_conflict'],['type_conflict'],0.0013,0.0006,0.0009
hc-hc-03,hc-mr-01,['type_conflict'],['type_conflict'],0.0013,0.0005,0.0009
hc-hc-03,hc-mr-02,['type_conflict'],['type_conflict'],0.0019,0.0006,0.0009
hc-hc-03,hc-mr-03,['type_conflict'],['type_conflict'],0.0024,0.0006,0.0009
hc-hc-04,hc-mr-01,['type_conflict'],['type_conflict'],0.0014,0.0006,0.001
hc-hc-04,hc-mr-02,['type_conflict'],['type_conflict'],0.0018,0.0006,0.0009
hc-hc-04,hc-mr-03,['type_conflict'],['type_conflict'],0.0021,0.0006,0.0019
hc-mr-01,hc-mr-02,['type_conflict'],[],0.0009,0.0006,0.001
hc-mr-01,hc-mr-03,['type_conflict'],['type_conflict'],0.0014,0.0005,0.0009
hc-mr-02,hc-mr-03,['type_conflict'],['type_conflict'],0.0015,0.0007,0.0008
